OrderID,OrderDate,Category,Region,PaymentMethod,Quantity,UnitPrice,CustomerRating,Revenue,Month
ORD1686,2025-01-22,Electronics,South,UPI,3,8289.18,3.6,24867.54,2025-01
ORD2149,2025-12-20,Sports,East,Credit Card,3,1635.33,2.6,4905.99,2025-12
ORD1159,2025-03-08,Home & Kitchen,South,Debit Card,1,2503.76,4.9,2503.76,2025-03
ORD1915,2025-11-19,Books,South,Credit Card,1,515.8,2.6,515.8,2025-11
ORD1341,2025-12-26,Home & Kitchen,North,Debit Card,1,3493.89,4.0,3493.89,2025-12
ORD1763,2025-06-07,Electronics,North,Cash on Delivery,5,11903.34,3.2,59516.7,2025-06
ORD1126,2025-12-07,Electronics,North,Credit Card,5,8836.0,4.6,44180.0,2025-12
ORD1576,2025-03-14,Sports,West,Net Banking,3,2119.35,3.7,6358.05,2025-03
ORD1239,2025-08-29,Electronics,East,Debit Card,5,9884.96,4.4,49424.8,2025-08
ORD1268,2025-09-24,Books,North,Debit Card,2,432.78,3.4,865.56,2025-09
ORD1493,2025-09-20,Beauty,East,Net Banking,2,1337.53,5.0,2675.06,2025-09
ORD1805,2025-11-29,Beauty,South,Net Banking,4,1069.47,3.2,4277.88,2025-11
ORD1283,2025-08-11,Beauty,South,UPI,4,879.9,4.1,3519.6,2025-08
ORD1808,2025-05-10,Clothing,North,Net Banking,3,1561.7,3.2,4685.1,2025-05
ORD1304,2025-07-16,Electronics,North,Cash on Delivery,3,7860.88,3.7,23582.64,2025-07
ORD2080,2025-12-05,Electronics,North,Net Banking,3,8768.35,4.1,26305.05,2025-12
ORD1807,2025-07-29,Home & Kitchen,East,Debit Card,3,1883.14,4.1,5649.42,2025-07
ORD1325,2025-09-16,Clothing,East,UPI,1,760.14,4.8,760.14,2025-09
ORD1919,2025-08-14,Home & Kitchen,South,Net Banking,1,3089.35,3.9,3089.35,2025-08
ORD1186,2025-03-30,Beauty,North,Credit Card,3,765.88,4.6,2297.64,2025-03
ORD1822,2025-08-01,Clothing,North,Credit Card,2,1470.71,3.4,2941.42,2025-08
ORD1107,2025-08-11,Sports,North,Cash on Delivery,3,1614.76,3.2,4844.28,2025-08
ORD2038,2025-08-28,Electronics,North,Debit Card,4,10161.2,5.0,40644.8,2025-08
ORD1867,2025-09-15,Sports,East,Cash on Delivery,1,2540.92,4.6,2540.92,2025-09
ORD1754,2025-07-09,Sports,South,Credit Card,4,1688.9,4.3,6755.6,2025-07
ORD1386,2025-04-23,Home & Kitchen,East,Credit Card,2,3190.59,4.4,6381.18,2025-04
ORD2160,2025-12-05,Home & Kitchen,West,UPI,5,3295.26,5.0,16476.3,2025-12
ORD2016,2025-04-07,Electronics,North,Cash on Delivery,1,8931.73,4.2,8931.73,2025-04
ORD1464,2025-04-12,Home & Kitchen,North,UPI,3,1980.3,4.8,5940.9,2025-04
ORD1801,2025-06-10,Electronics,North,Net Banking,7,8391.95,4.2,58743.65,2025-06
ORD1347,2025-07-26,Electronics,West,UPI,2,10129.59,4.9,20259.18,2025-07
ORD1228,2025-05-14,Beauty,East,Debit Card,3,996.25,3.6,2988.75,2025-05
ORD1065,2025-01-05,Beauty,South,Net Banking,3,721.32,4.4,2163.96,2025-01
ORD2064,2025-08-17,Beauty,East,Cash on Delivery,3,1026.76,4.5,3080.28,2025-08
ORD1201,2025-03-01,Home & Kitchen,South,Cash on Delivery,2,2760.92,4.7,5521.84,2025-03
ORD1133,2025-10-17,Electronics,North,Cash on Delivery,4,9343.61,3.0,37374.44,2025-10
ORD1167,2025-01-27,Sports,South,Debit Card,4,1162.42,4.4,4649.68,2025-01
ORD1679,2025-04-25,Clothing,East,UPI,3,1549.89,4.2,4649.67,2025-04
ORD1800,2025-09-04,Clothing,East,Cash on Delivery,4,1460.57,4.2,5842.28,2025-09
ORD2093,2025-01-07,Electronics,South,Credit Card,5,10200.89,3.7,51004.45,2025-01
ORD1236,2025-03-12,Electronics,North,UPI,4,6553.88,5.0,26215.52,2025-03
ORD1204,2025-01-10,Electronics,East,UPI,1,6531.12,4.0,6531.12,2025-01
ORD2104,2025-04-27,Beauty,East,Credit Card,5,641.87,4.3,3209.35,2025-04
ORD1194,2025-03-15,Clothing,East,UPI,2,1211.17,4.0,2422.34,2025-03
ORD1248,2025-09-15,Clothing,East,Cash on Delivery,4,982.62,4.0,3930.48,2025-09
ORD2045,2025-09-26,Home & Kitchen,East,Net Banking,2,2458.26,5.0,4916.52,2025-09
ORD1262,2025-06-07,Clothing,Unknown,Net Banking,4,1129.0,4.0,4516.0,2025-06
ORD1142,2025-07-14,Clothing,East,Credit Card,4,398.15,5.0,1592.6,2025-07
ORD1189,2025-12-08,Clothing,West,Cash on Delivery,5,961.62,4.7,4808.1,2025-12
ORD1982,2025-03-25,Books,North,Net Banking,2,705.67,3.4,1411.34,2025-03
ORD1141,2025-11-18,Beauty,West,Debit Card,2,423.75,4.0,847.5,2025-11
ORD2004,2025-05-02,Home & Kitchen,North,Credit Card,2,2435.44,4.5,4870.88,2025-05
ORD1750,2025-08-12,Clothing,East,Cash on Delivery,4,782.85,2.8,3131.4,2025-08
ORD1876,2025-07-17,Clothing,East,Cash on Delivery,2,1504.9,4.6,3009.8,2025-07
ORD1857,2025-01-07,Electronics,North,Debit Card,1,8566.25,3.8,8566.25,2025-01
ORD1049,2025-10-29,Beauty,East,Cash on Delivery,4,876.72,4.1,3506.88,2025-10
ORD1081,2025-03-13,Sports,South,Debit Card,4,2278.73,4.0,9114.92,2025-03
ORD1831,2025-07-15,Home & Kitchen,South,UPI,5,1198.6,4.0,5993.0,2025-07
ORD1584,2025-01-02,Home & Kitchen,North,Cash on Delivery,1,1511.68,5.0,1511.68,2025-01
ORD2169,2025-10-05,Clothing,West,Debit Card,1,980.06,3.3,980.06,2025-10
ORD1833,2025-04-23,Electronics,West,Credit Card,1,9258.43,5.0,9258.43,2025-04
ORD1349,2025-07-12,Sports,East,Cash on Delivery,5,2575.06,4.3,12875.3,2025-07
ORD1663,2025-05-30,Home & Kitchen,North,Credit Card,3,2347.43,3.5,7042.29,2025-05
ORD1075,2025-11-15,Books,South,UPI,4,428.71,4.3,1714.84,2025-11
ORD1859,2025-09-29,Electronics,East,UPI,5,3996.9,3.5,19984.5,2025-09
ORD1169,2025-10-02,Beauty,East,Debit Card,5,831.91,4.7,4159.55,2025-10
ORD1632,2025-06-02,Clothing,East,Net Banking,5,1087.56,4.0,5437.8,2025-06
ORD1577,2025-12-29,Sports,North,Cash on Delivery,3,1104.44,2.2,3313.32,2025-12
ORD1512,2025-12-09,Electronics,North,Debit Card,2,8528.13,2.9,17056.26,2025-12
ORD1683,2025-07-24,Books,North,Credit Card,3,516.93,4.1,1550.79,2025-07
ORD2178,2025-01-10,Home & Kitchen,East,Net Banking,1,2288.85,3.4,2288.85,2025-01
ORD1983,2025-08-17,Clothing,East,Net Banking,5,1410.31,3.8,7051.55,2025-08
ORD1321,2025-07-29,Home & Kitchen,North,Cash on Delivery,1,2136.5,4.4,2136.5,2025-07
ORD1382,2025-08-20,Clothing,East,UPI,3,1525.38,4.0,4576.14,2025-08
ORD1639,2025-03-22,Home & Kitchen,North,Net Banking,4,3181.54,3.3,12726.16,2025-03
ORD1665,2025-11-23,Clothing,South,Net Banking,1,773.47,4.0,773.47,2025-11
ORD1471,2025-08-03,Clothing,North,Debit Card,3,1519.79,4.1,4559.37,2025-08
ORD1729,2025-07-20,Electronics,South,Cash on Delivery,3,6964.98,4.0,20894.94,2025-07
ORD1735,2025-02-25,Clothing,South,UPI,1,1058.72,3.8,1058.72,2025-02
ORD1012,2025-02-16,Electronics,South,Net Banking,2,9967.28,4.1,19934.56,2025-02
ORD1809,2025-08-22,Beauty,North,Credit Card,4,945.0,5.0,3780.0,2025-08
ORD1757,2025-11-04,Beauty,North,Cash on Delivery,2,716.17,3.4,1432.34,2025-11
ORD1267,2025-09-04,Beauty,South,Cash on Delivery,5,615.96,4.8,3079.8,2025-09
ORD1890,2025-09-26,Home & Kitchen,East,UPI,4,2439.34,5.0,9757.36,2025-09
ORD1428,2025-03-16,Electronics,North,Cash on Delivery,3,10800.0,4.0,32400.0,2025-03
ORD1655,2025-05-04,Books,West,Cash on Delivery,1,485.44,4.0,485.44,2025-05
ORD1401,2025-11-02,Books,North,Credit Card,1,437.09,4.0,437.09,2025-11
ORD1939,2025-08-16,Beauty,South,Cash on Delivery,3,929.83,4.5,2789.49,2025-08
ORD2133,2025-03-22,Clothing,North,Credit Card,2,1647.99,3.8,3295.98,2025-03
ORD1529,2025-10-24,Electronics,West,UPI,4,9377.39,4.3,37509.56,2025-10
ORD1742,2025-05-26,Home & Kitchen,East,Net Banking,4,1672.26,4.3,6689.04,2025-05
ORD1108,2025-09-17,Beauty,South,Cash on Delivery,5,929.83,3.8,4649.15,2025-09
ORD1636,2025-05-17,Sports,East,Credit Card,4,1734.83,4.3,6939.32,2025-05
ORD1861,2025-11-01,Sports,East,Net Banking,2,2181.53,3.2,4363.06,2025-11
ORD1790,2025-10-15,Clothing,North,Credit Card,3,1221.15,3.2,3663.45,2025-10
ORD1830,2025-11-09,Electronics,East,Cash on Delivery,1,6683.48,4.5,6683.48,2025-11
ORD1216,2025-12-29,Beauty,West,Credit Card,3,1033.55,4.0,3100.65,2025-12
ORD1793,2025-12-06,Sports,South,Net Banking,1,1923.96,4.3,1923.96,2025-12
ORD1058,2025-07-08,Home & Kitchen,East,Cash on Delivery,4,2758.68,2.3,11034.72,2025-07
ORD1810,2025-03-15,Clothing,South,UPI,2,1414.5,3.0,2829.0,2025-03
ORD1088,2025-09-17,Electronics,North,Cash on Delivery,3,9920.19,4.7,29760.57,2025-09
ORD1638,2025-09-03,Home & Kitchen,North,Debit Card,5,3079.72,3.6,15398.6,2025-09
ORD1970,2025-04-15,Home & Kitchen,South,UPI,4,2594.59,2.6,10378.36,2025-04
ORD1453,2025-02-04,Home & Kitchen,North,Credit Card,3,3478.61,2.6,10435.83,2025-02
ORD1858,2025-05-05,Sports,South,UPI,1,1328.21,3.2,1328.21,2025-05
ORD1119,2025-09-27,Home & Kitchen,South,Credit Card,1,1092.64,3.4,1092.64,2025-09
ORD1929,2025-12-04,Sports,North,UPI,4,2101.78,4.0,8407.12,2025-12
ORD2174,2025-12-06,Sports,East,Credit Card,2,1852.0,5.0,3704.0,2025-12
ORD1027,2025-12-18,Home & Kitchen,South,Debit Card,5,3024.06,4.7,15120.3,2025-12
ORD1195,2025-08-25,Home & Kitchen,South,UPI,2,2160.52,4.6,4321.04,2025-08
ORD1198,2025-12-12,Beauty,North,Cash on Delivery,2,818.27,2.8,1636.54,2025-12
ORD1702,2025-06-18,Sports,Unknown,Net Banking,5,971.53,5.0,4857.65,2025-06
ORD2007,2025-11-07,Electronics,West,Cash on Delivery,3,11102.34,4.7,33307.02,2025-11
ORD1593,2025-02-11,Sports,West,Net Banking,5,1872.69,3.9,9363.45,2025-02
ORD1720,2025-12-31,Beauty,East,UPI,5,758.85,3.8,3794.25,2025-12
ORD1231,2025-10-17,Home & Kitchen,West,Net Banking,3,2341.27,4.0,7023.81,2025-10
ORD1383,2025-02-23,Electronics,South,Credit Card,1,9514.92,4.5,9514.92,2025-02
ORD1641,2025-03-17,Electronics,North,Cash on Delivery,5,7800.04,5.0,39000.2,2025-03
ORD2199,2025-10-03,Home & Kitchen,West,Net Banking,4,3149.46,4.7,12597.84,2025-10
ORD1741,2025-08-24,Home & Kitchen,East,Debit Card,3,3607.19,2.2,10821.57,2025-08
ORD2163,2025-02-06,Books,Unknown,Credit Card,1,466.52,4.9,466.52,2025-02
ORD1258,2025-06-10,Sports,West,Cash on Delivery,5,637.3199999999997,3.8,3186.6,2025-06
ORD1599,2025-02-23,Books,East,Debit Card,2,547.1,4.1,1094.2,2025-02
ORD1516,2025-01-23,Electronics,South,Net Banking,2,11525.06,3.3,23050.12,2025-01
ORD1604,2025-07-17,Beauty,South,Net Banking,2,1010.39,4.0,2020.78,2025-07
ORD1550,2025-07-31,Beauty,South,Credit Card,5,889.94,4.8,4449.7,2025-07
ORD1135,2025-09-21,Beauty,East,Credit Card,4,866.01,4.0,3464.04,2025-09
ORD1314,2025-01-04,Electronics,East,Net Banking,2,9928.24,3.4,19856.48,2025-01
ORD1090,2025-06-25,Clothing,North,Net Banking,4,1277.47,3.7,5109.88,2025-06
ORD1181,2025-04-15,Clothing,South,UPI,3,1153.89,4.0,3461.67,2025-04
ORD1274,2025-08-19,Books,South,Net Banking,2,250.09,3.4,500.18,2025-08
ORD2005,2025-09-15,Electronics,North,Credit Card,5,7981.24,2.7,39906.2,2025-09
ORD2189,2025-02-02,Electronics,West,Debit Card,4,7224.19,2.8,28896.76,2025-02
ORD1080,2025-08-04,Home & Kitchen,North,Credit Card,3,2717.32,3.8,8151.96,2025-08
ORD1280,2025-04-16,Beauty,West,Cash on Delivery,2,1020.67,3.8,2041.34,2025-04
ORD1987,2025-03-23,Electronics,South,Credit Card,2,10551.35,3.7,21102.7,2025-03
ORD1602,2025-09-18,Electronics,West,UPI,7,8050.46,4.5,56353.22,2025-09
ORD1710,2025-04-05,Electronics,Unknown,Cash on Delivery,4,10246.62,3.2,40986.48,2025-04
ORD1035,2025-06-08,Beauty,East,Credit Card,4,906.89,4.0,3627.56,2025-06
ORD1560,2025-02-22,Sports,East,Net Banking,5,1780.9,4.1,8904.5,2025-02
ORD1766,2025-03-07,Sports,West,Net Banking,2,1780.9,4.1,3561.8,2025-03
ORD1886,2025-08-17,Electronics,West,UPI,4,7914.97,3.8,31659.88,2025-08
ORD1395,2025-04-09,Electronics,North,Debit Card,4,14231.060000000001,4.8,56924.24,2025-04
ORD1006,2025-12-10,Electronics,South,Debit Card,2,9882.51,4.4,19765.02,2025-12
ORD1579,2025-08-12,Beauty,South,Net Banking,3,901.8,4.9,2705.4,2025-08
ORD1531,2025-09-03,Clothing,East,Net Banking,4,1791.66,5.0,7166.64,2025-09
ORD1047,2025-02-04,Electronics,South,Net Banking,3,6136.13,4.2,18408.39,2025-02
ORD2172,2025-01-29,Sports,South,Cash on Delivery,3,2431.78,3.8,7295.34,2025-01
ORD2025,2025-12-19,Clothing,Unknown,Cash on Delivery,1,840.88,3.9,840.88,2025-12
ORD1255,2025-03-26,Beauty,North,Debit Card,2,974.32,4.4,1948.64,2025-03
ORD1607,2025-11-05,Electronics,South,Credit Card,3,12818.72,4.0,38456.16,2025-11
ORD1094,2025-09-09,Clothing,West,Debit Card,3,1288.93,3.9,3866.79,2025-09
ORD1707,2025-09-14,Sports,West,UPI,3,1464.21,3.6,4392.63,2025-09
ORD2090,2025-11-05,Clothing,North,Credit Card,2,1139.17,4.3,2278.34,2025-11
ORD1481,2025-05-24,Sports,West,UPI,1,2129.32,3.2,2129.32,2025-05
ORD1432,2025-12-03,Clothing,East,Credit Card,2,1167.53,2.3,2335.06,2025-12
ORD1459,2025-08-08,Beauty,West,Credit Card,1,883.18,3.9,883.18,2025-08
ORD1408,2025-05-19,Home & Kitchen,North,Credit Card,4,3193.73,3.4,12774.92,2025-05
ORD1148,2025-12-23,Sports,West,Debit Card,2,2173.96,3.7,4347.92,2025-12
ORD1363,2025-04-05,Books,North,Debit Card,3,369.06,3.2,1107.18,2025-04
ORD1008,2025-06-22,Electronics,North,Cash on Delivery,4,9841.49,3.7,39365.96,2025-06
ORD1930,2025-12-24,Clothing,South,Credit Card,5,1772.64,3.2,8863.2,2025-12
ORD1390,2025-01-11,Home & Kitchen,South,Debit Card,4,3709.61,5.0,14838.44,2025-01
ORD1120,2025-10-16,Clothing,North,Net Banking,3,1139.67,3.8,3419.01,2025-10
ORD1345,2025-05-17,Electronics,East,UPI,1,6388.39,4.7,6388.39,2025-05
ORD1875,2025-03-07,Books,Unknown,Net Banking,1,631.83,3.3,631.83,2025-03
ORD1649,2025-01-24,Electronics,West,Credit Card,2,8122.12,5.0,16244.24,2025-01
ORD1937,2025-02-15,Sports,South,UPI,1,1697.55,3.4,1697.55,2025-02
ORD1019,2025-02-21,Sports,East,Cash on Delivery,7,1780.9,3.8,12466.3,2025-02
ORD1087,2025-10-02,Beauty,South,Cash on Delivery,4,548.78,4.1,2195.12,2025-10
ORD1664,2025-06-05,Clothing,North,Credit Card,5,1105.16,4.0,5525.8,2025-06
ORD1701,2025-06-27,Sports,West,Cash on Delivery,1,1937.4,4.0,1937.4,2025-06
ORD1393,2025-01-15,Clothing,South,Cash on Delivery,2,484.98,2.2,969.96,2025-01
ORD1752,2025-07-11,Electronics,West,Cash on Delivery,3,6454.75,4.0,19364.25,2025-07
ORD1190,2025-04-08,Sports,West,Credit Card,3,1691.8,4.1,5075.4,2025-04
ORD1957,2025-07-09,Books,West,Credit Card,3,279.57,2.7,838.71,2025-07
ORD1872,2025-02-16,Clothing,North,Cash on Delivery,2,695.46,5.0,1390.92,2025-02
ORD2026,2025-11-04,Home & Kitchen,East,UPI,1,2164.46,3.8,2164.46,2025-11
ORD1101,2025-12-21,Books,West,Credit Card,2,654.9,3.7,1309.8,2025-12
ORD1589,2025-11-21,Home & Kitchen,East,Cash on Delivery,3,2188.16,4.8,6564.48,2025-11
ORD2074,2025-04-07,Clothing,East,Cash on Delivery,5,791.33,4.0,3956.65,2025-04
ORD2127,2025-06-19,Books,East,Net Banking,5,326.94,5.0,1634.7,2025-06
ORD1202,2025-08-07,Sports,North,Debit Card,1,1180.63,4.3,1180.63,2025-08
ORD1708,2025-08-03,Electronics,South,Net Banking,5,6830.44,4.1,34152.2,2025-08
ORD2070,2025-06-26,Electronics,North,Net Banking,4,9669.31,5.0,38677.24,2025-06
ORD1573,2025-05-23,Clothing,West,Credit Card,4,735.22,3.1,2940.88,2025-05
ORD1670,2025-06-10,Clothing,South,Debit Card,2,599.16,4.8,1198.32,2025-06
ORD1259,2025-07-31,Beauty,South,Cash on Delivery,1,861.66,4.5,861.66,2025-07
ORD2042,2025-05-04,Clothing,West,Net Banking,2,1225.145,4.0,2450.29,2025-05
ORD1554,2025-01-09,Clothing,North,UPI,1,860.4,2.3,860.4,2025-01
ORD1841,2025-06-08,Clothing,East,Net Banking,1,1001.0,4.2,1001.0,2025-06
ORD1521,2025-05-25,Electronics,East,Debit Card,2,10727.06,3.1,21454.12,2025-05
ORD2012,2025-06-19,Beauty,South,Cash on Delivery,1,1193.53,3.7,1193.53,2025-06
ORD2190,2025-08-12,Electronics,West,Net Banking,4,8918.58,4.0,35674.32,2025-08
ORD1311,2025-07-30,Clothing,East,Credit Card,3,1226.39,3.8,3679.17,2025-07
ORD1041,2025-04-09,Sports,West,Debit Card,3,2758.16,3.1,8274.48,2025-04
ORD1286,2025-06-01,Clothing,West,Cash on Delivery,1,1157.58,3.6,1157.58,2025-06
ORD1909,2025-12-01,Electronics,South,Cash on Delivery,4,7811.66,5.0,31246.64,2025-12
ORD1786,2025-04-01,Home & Kitchen,West,Net Banking,1,1763.88,3.0,1763.88,2025-04
ORD1774,2025-05-30,Clothing,East,Cash on Delivery,1,312.64374999999995,4.5,312.64,2025-05
ORD1979,2025-08-24,Home & Kitchen,South,Cash on Delivery,2,3319.02,3.8,6638.04,2025-08
ORD1571,2025-08-20,Home & Kitchen,North,Credit Card,1,2890.76,3.2,2890.76,2025-08
ORD1154,2025-01-12,Clothing,South,Net Banking,3,1230.77,5.0,3692.31,2025-01
ORD1948,2025-02-25,Sports,South,UPI,5,2007.52,3.8,10037.6,2025-02
ORD1298,2025-04-30,Sports,Unknown,Credit Card,4,1831.69,4.0,7326.76,2025-04
ORD1111,2025-06-30,Books,East,Cash on Delivery,3,468.49,5.0,1405.47,2025-06
ORD1944,2025-10-22,Electronics,West,Cash on Delivery,3,10337.23,2.7,31011.69,2025-10
ORD2015,2025-11-13,Clothing,North,Debit Card,5,1272.91,3.2,6364.55,2025-11
ORD1986,2025-04-25,Sports,East,Credit Card,1,1627.8,4.1,1627.8,2025-04
ORD1647,2025-10-24,Home & Kitchen,West,Credit Card,3,3099.25,3.9,9297.75,2025-10
ORD1520,2025-02-23,Beauty,East,Credit Card,4,929.83,3.3,3719.32,2025-02
ORD1996,2025-09-14,Electronics,North,UPI,5,11222.61,4.9,56113.05,2025-09
ORD1336,2025-08-19,Clothing,East,Debit Card,3,1113.04,3.4,3339.12,2025-08
ORD1775,2025-05-04,Beauty,West,Net Banking,1,876.92,4.2,876.92,2025-05
ORD1051,2025-07-04,Home & Kitchen,South,Cash on Delivery,2,1541.34,3.7,3082.68,2025-07
ORD1692,2025-11-18,Sports,West,Credit Card,4,1791.11,2.6,7164.44,2025-11
ORD1613,2025-03-29,Sports,North,Credit Card,1,1680.51,3.5,1680.51,2025-03
ORD1958,2025-10-04,Beauty,West,Cash on Delivery,5,1074.85,3.6,5374.25,2025-10
ORD1646,2025-02-05,Sports,East,Credit Card,2,1609.27,3.9,3218.54,2025-02
ORD2129,2025-12-01,Home & Kitchen,South,Cash on Delivery,5,2508.505,4.6,12542.53,2025-12
ORD2023,2025-02-17,Sports,North,Credit Card,4,2759.92,2.9,11039.68,2025-02
ORD1163,2025-12-07,Electronics,West,Cash on Delivery,2,6986.78,3.6,13973.56,2025-12
ORD1418,2025-01-19,Sports,West,UPI,1,3024.5200000000004,3.3,3024.52,2025-01
ORD1730,2025-09-18,Beauty,North,UPI,2,975.66,4.3,1951.32,2025-09
ORD1078,2025-05-27,Clothing,South,Cash on Delivery,3,1299.92,4.3,3899.76,2025-05
ORD1568,2025-06-11,Clothing,North,Credit Card,3,894.12,4.0,2682.36,2025-06
ORD2054,2025-05-14,Clothing,South,UPI,4,1225.145,4.0,4900.58,2025-05
ORD2010,2025-01-01,Beauty,South,Net Banking,5,1258.86,5.0,6294.3,2025-01
ORD1060,2025-10-26,Beauty,East,Cash on Delivery,2,952.4,4.0,1904.8,2025-10
ORD1918,2025-09-16,Home & Kitchen,East,UPI,2,3350.56,4.5,6701.12,2025-09
ORD1877,2025-04-26,Beauty,Unknown,Debit Card,5,1363.45,5.0,6817.25,2025-04
ORD1968,2025-09-06,Books,North,Cash on Delivery,1,493.07,2.8,493.07,2025-09
ORD1463,2025-10-02,Home & Kitchen,East,Net Banking,2,1909.74,5.0,3819.48,2025-10
ORD1528,2025-04-04,Home & Kitchen,East,Debit Card,4,2615.95,4.4,10463.8,2025-04
ORD1200,2025-04-05,Home & Kitchen,South,Cash on Delivery,2,2508.505,2.7,5017.01,2025-04
ORD1903,2025-08-13,Home & Kitchen,East,Net Banking,1,2508.505,4.3,2508.5,2025-08
ORD1188,2025-03-18,Books,South,Debit Card,3,519.09,4.4,1557.27,2025-03
ORD2006,2025-02-12,Electronics,West,Credit Card,1,9021.38,2.5,9021.38,2025-02
ORD1487,2025-09-29,Clothing,West,Net Banking,1,1318.92,4.7,1318.92,2025-09
ORD2024,2025-07-15,Home & Kitchen,West,Debit Card,1,3048.02,4.7,3048.02,2025-07
ORD2115,2025-06-09,Home & Kitchen,South,Credit Card,4,4248.580000000001,3.9,16994.32,2025-06
ORD1309,2025-09-01,Beauty,West,Debit Card,2,1045.03,4.5,2090.06,2025-09
ORD1062,2025-05-12,Clothing,East,Credit Card,3,953.32,4.7,2859.96,2025-05
ORD1844,2025-03-26,Sports,East,Cash on Delivery,5,2307.04,4.5,11535.2,2025-03
ORD1597,2025-05-26,Clothing,North,Debit Card,2,1315.42,2.8,2630.84,2025-05
ORD1582,2025-08-11,Electronics,East,Net Banking,4,7896.29,5.0,31585.16,2025-08
ORD1099,2025-04-14,Home & Kitchen,West,Cash on Delivery,5,993.8,3.8,4969.0,2025-04
ORD1581,2025-11-22,Sports,West,Debit Card,5,1646.6,3.0,8233.0,2025-11
ORD2191,2025-12-10,Electronics,East,UPI,3,7638.01,4.0,22914.03,2025-12
ORD1457,2025-08-03,Home & Kitchen,East,Cash on Delivery,5,3035.76,4.7,15178.8,2025-08
ORD1653,2025-11-13,Electronics,West,Debit Card,2,6058.04,3.7,12116.08,2025-11
ORD1076,2025-04-04,Books,South,UPI,3,570.06,4.9,1710.18,2025-04
ORD1211,2025-10-19,Electronics,South,Debit Card,1,11797.75,3.2,11797.75,2025-10
ORD2186,2025-05-21,Books,South,UPI,2,746.2950000000001,2.7,1492.59,2025-05
ORD1536,2025-11-18,Home & Kitchen,West,Cash on Delivery,2,1757.26,4.6,3514.52,2025-11
ORD1310,2025-08-01,Clothing,West,UPI,5,1132.06,4.0,5660.3,2025-08
ORD1244,2025-02-06,Home & Kitchen,East,Net Banking,3,809.6799999999994,4.9,2429.04,2025-02
ORD1866,2025-03-16,Electronics,North,Cash on Delivery,5,7947.34,3.8,39736.7,2025-03
ORD1205,2025-08-26,Electronics,South,UPI,1,8282.41,3.5,8282.41,2025-08
ORD2147,2025-10-10,Home & Kitchen,East,Debit Card,3,2518.59,3.1,7555.77,2025-10
ORD2044,2025-01-25,Books,North,Credit Card,4,458.16,5.0,1832.64,2025-01
ORD1220,2025-03-20,Clothing,North,UPI,4,561.24,4.7,2244.96,2025-03
ORD2021,2025-03-24,Clothing,South,Cash on Delivery,3,1456.4,4.3,4369.2,2025-03
ORD1034,2025-10-07,Sports,North,Debit Card,3,1420.55,3.3,4261.65,2025-10
ORD1085,2025-09-15,Clothing,East,Net Banking,1,602.76,5.0,602.76,2025-09
ORD1863,2025-04-27,Home & Kitchen,North,Credit Card,5,2690.42,2.9,13452.1,2025-04
ORD1156,2025-11-17,Electronics,South,Credit Card,3,7177.89,4.9,21533.67,2025-11
ORD1956,2025-05-13,Clothing,North,Cash on Delivery,4,1076.5,4.6,4306.0,2025-05
ORD1672,2025-10-02,Clothing,West,UPI,5,886.68,3.2,4433.4,2025-10
ORD1674,2025-02-05,Clothing,East,Cash on Delivery,3,1432.57,3.8,4297.71,2025-02
ORD1559,2025-08-31,Books,South,Credit Card,5,508.05,4.6,2540.25,2025-08
ORD2120,2025-01-25,Home & Kitchen,South,UPI,4,2461.85,5.0,9847.4,2025-01
ORD1659,2025-01-04,Electronics,South,Credit Card,3,5496.28,3.2,16488.84,2025-01
ORD1772,2025-02-08,Books,South,Credit Card,1,490.47,4.6,490.47,2025-02
ORD1430,2025-07-27,Books,North,Debit Card,3,521.01,4.3,1563.03,2025-07
ORD1541,2025-07-22,Home & Kitchen,East,Cash on Delivery,4,2238.58,4.9,8954.32,2025-07
ORD1452,2025-01-13,Beauty,Unknown,Cash on Delivery,2,1055.49,3.6,2110.98,2025-01
ORD1426,2025-02-27,Home & Kitchen,West,UPI,5,2847.03,3.8,14235.15,2025-02
ORD1789,2025-07-20,Clothing,East,Credit Card,3,1497.57,3.6,4492.71,2025-07
ORD1479,2025-05-28,Home & Kitchen,West,Cash on Delivery,1,3112.92,3.2,3112.92,2025-05
ORD1288,2025-05-05,Beauty,North,Cash on Delivery,2,945.82,3.6,1891.64,2025-05
ORD2032,2025-01-09,Sports,West,UPI,3,1898.47,4.0,5695.41,2025-01
ORD1873,2025-05-31,Books,West,UPI,5,633.06,4.0,3165.3,2025-05
ORD1619,2025-10-21,Home & Kitchen,North,UPI,1,2717.46,5.0,2717.46,2025-10
ORD1553,2025-02-20,Electronics,East,UPI,4,6760.69,3.7,27042.76,2025-02
ORD2071,2025-01-02,Sports,Unknown,Net Banking,5,2239.63,3.8,11198.15,2025-01
ORD1823,2025-12-02,Sports,North,Credit Card,2,2716.71,3.8,5433.42,2025-12
ORD1473,2025-12-24,Books,East,Net Banking,3,526.01,4.0,1578.03,2025-12
ORD1134,2025-05-22,Electronics,North,UPI,5,10400.2,4.0,52001.0,2025-05
ORD1548,2025-11-13,Home & Kitchen,South,UPI,1,1780.25,3.3,1780.25,2025-11
ORD1744,2025-12-30,Books,North,Credit Card,2,594.11,3.3,1188.22,2025-12
ORD1355,2025-01-25,Clothing,West,Cash on Delivery,5,1225.145,2.6,6125.72,2025-01
ORD1010,2025-02-03,Home & Kitchen,West,UPI,4,2866.39,4.6,11465.56,2025-02
ORD2083,2025-09-13,Electronics,North,Credit Card,2,5526.26,4.0,11052.52,2025-09
ORD1301,2025-12-06,Home & Kitchen,South,Credit Card,4,2685.57,4.2,10742.28,2025-12
ORD1731,2025-04-16,Clothing,West,Net Banking,3,1273.78,4.0,3821.34,2025-04
ORD1629,2025-07-04,Clothing,North,Debit Card,2,941.8,4.4,1883.6,2025-07
ORD1991,2025-12-15,Clothing,North,UPI,2,1502.73,4.5,3005.46,2025-12
ORD1323,2025-09-19,Books,West,UPI,1,466.57,4.3,466.57,2025-09
ORD1443,2025-10-14,Home & Kitchen,East,Debit Card,3,3081.49,5.0,9244.47,2025-10
ORD1104,2025-12-14,Books,West,Debit Card,1,260.37,3.2,260.37,2025-12
ORD1335,2025-04-29,Electronics,North,UPI,2,9538.42,3.6,19076.84,2025-04
ORD2119,2025-07-12,Home & Kitchen,South,Net Banking,5,2408.96,4.5,12044.8,2025-07
ORD1495,2025-01-19,Beauty,South,Net Banking,3,929.83,3.8,2789.49,2025-01
ORD1439,2025-05-24,Beauty,West,Cash on Delivery,3,1060.42,3.3,3181.26,2025-05
ORD2087,2025-12-12,Sports,West,Credit Card,5,1081.16,5.0,5405.8,2025-12
ORD1625,2025-02-08,Home & Kitchen,East,Cash on Delivery,1,2446.5,2.9,2446.5,2025-02
ORD1998,2025-01-18,Electronics,West,Debit Card,1,10261.01,5.0,10261.01,2025-01
ORD1834,2025-02-17,Beauty,North,UPI,5,963.27,3.7,4816.35,2025-02
ORD1723,2025-01-14,Home & Kitchen,East,UPI,1,2000.41,4.9,2000.41,2025-01
ORD1139,2025-12-09,Electronics,West,Debit Card,3,7429.09,4.2,22287.27,2025-12
ORD1404,2025-07-01,Sports,South,Cash on Delivery,4,917.62,4.0,3670.48,2025-07
ORD1798,2025-05-18,Home & Kitchen,East,UPI,2,2953.33,4.3,5906.66,2025-05
ORD1165,2025-11-17,Sports,North,UPI,5,1684.88,4.7,8424.4,2025-11
ORD1226,2025-06-29,Home & Kitchen,North,UPI,1,2963.77,3.1,2963.77,2025-06
ORD1916,2025-05-18,Beauty,East,Net Banking,2,602.23,4.2,1204.46,2025-05
ORD1180,2025-09-13,Beauty,West,Credit Card,3,590.1,4.1,1770.3,2025-09
ORD1191,2025-07-06,Electronics,Unknown,Debit Card,3,6399.17,4.0,19197.51,2025-07
ORD1306,2025-04-02,Sports,South,Debit Card,4,935.59,4.0,3742.36,2025-04
ORD1350,2025-01-27,Home & Kitchen,North,UPI,4,2479.79,3.8,9919.16,2025-01
ORD2151,2025-10-23,Home & Kitchen,East,Net Banking,1,3700.56,4.3,3700.56,2025-10
ORD2077,2025-01-24,Sports,East,Cash on Delivery,2,1715.01,4.6,3430.02,2025-01
ORD1962,2025-06-29,Home & Kitchen,Unknown,Cash on Delivery,4,1471.37,4.2,5885.48,2025-06
ORD1891,2025-12-14,Beauty,North,Net Banking,4,1009.61,2.8,4038.44,2025-12
ORD1768,2025-02-15,Sports,North,Net Banking,2,1125.5,4.3,2251.0,2025-02
ORD2161,2025-08-08,Clothing,East,Net Banking,5,1203.43,5.0,6017.15,2025-08
ORD1587,2025-08-25,Books,North,Debit Card,5,609.87,2.8,3049.35,2025-08
ORD1348,2025-11-27,Clothing,East,Debit Card,1,1374.93,2.6,1374.93,2025-11
ORD1791,2025-08-27,Electronics,South,Cash on Delivery,4,8693.970000000001,4.7,34775.88,2025-08
ORD2059,2025-07-12,Sports,North,UPI,1,1679.57,4.8,1679.57,2025-07
ORD1242,2025-03-01,Electronics,South,Credit Card,4,6563.18,4.7,26252.72,2025-03
ORD1017,2025-01-29,Beauty,East,Cash on Delivery,3,853.78,3.7,2561.34,2025-01
ORD1854,2025-12-24,Clothing,East,Debit Card,3,968.65,3.1,2905.95,2025-12
ORD1846,2025-10-01,Home & Kitchen,West,Debit Card,1,1524.77,3.5,1524.77,2025-10
ORD1874,2025-10-05,Home & Kitchen,East,Cash on Delivery,1,2095.45,3.5,2095.45,2025-10
ORD1631,2025-04-24,Electronics,East,Debit Card,1,9843.8,4.2,9843.8,2025-04
ORD1207,2025-01-19,Beauty,West,Cash on Delivery,1,589.95,2.2,589.95,2025-01
ORD2132,2025-06-19,Books,Unknown,Net Banking,2,294.29,3.8,588.58,2025-06
ORD1372,2025-03-31,Electronics,South,Debit Card,4,8042.81,3.6,32171.24,2025-03
ORD1544,2025-07-19,Clothing,South,Cash on Delivery,4,1562.48,4.8,6249.92,2025-07
ORD1503,2025-06-12,Sports,South,Debit Card,5,1853.61,3.4,9268.05,2025-06
ORD1612,2025-02-01,Electronics,North,Credit Card,3,8782.19,4.7,26346.57,2025-02
ORD2036,2025-05-16,Electronics,North,UPI,4,9432.49,2.9,37729.96,2025-05
ORD1403,2025-03-11,Sports,East,UPI,2,2107.82,2.7,4215.64,2025-03
ORD1482,2025-05-01,Electronics,East,Credit Card,4,10573.97,5.0,42295.88,2025-05
ORD1340,2025-01-02,Electronics,South,Credit Card,5,9829.56,5.0,49147.8,2025-01
ORD1175,2025-10-08,Books,North,Net Banking,3,212.86,2.3,638.58,2025-10
ORD1994,2025-12-25,Electronics,North,Credit Card,3,7889.12,4.4,23667.36,2025-12
ORD1320,2025-01-17,Home & Kitchen,West,UPI,5,2839.29,3.4,14196.45,2025-01
ORD1778,2025-11-17,Beauty,West,Net Banking,3,516.01,3.9,1548.03,2025-11
ORD1694,2025-11-26,Electronics,East,Net Banking,3,10237.64,3.8,30712.92,2025-11
ORD1534,2025-05-14,Home & Kitchen,Unknown,Debit Card,1,2335.33,3.4,2335.33,2025-05
ORD1375,2025-01-11,Electronics,East,Credit Card,1,8523.97,3.5,8523.97,2025-01
ORD2060,2025-02-13,Home & Kitchen,North,Credit Card,3,1774.82,3.1,5324.46,2025-02
ORD1864,2025-06-30,Clothing,North,Cash on Delivery,2,1522.71,3.2,3045.42,2025-06
ORD1370,2025-11-07,Books,East,UPI,5,436.3,5.0,2181.5,2025-11
ORD1988,2025-05-22,Clothing,Unknown,Cash on Delivery,4,1225.145,3.9,4900.58,2025-05
ORD1435,2025-09-02,Clothing,East,Debit Card,2,1340.81,4.5,2681.62,2025-09
ORD1870,2025-12-30,Clothing,West,UPI,4,1203.92,3.6,4815.68,2025-12
ORD1329,2025-07-17,Books,South,Credit Card,4,204.71,2.6,818.84,2025-07
ORD1424,2025-04-01,Electronics,East,Cash on Delivery,4,11733.61,4.7,46934.44,2025-04
ORD1326,2025-12-05,Beauty,South,Cash on Delivery,3,631.71,3.2,1895.13,2025-12
ORD1494,2025-03-17,Clothing,North,Net Banking,3,1267.29,3.5,3801.87,2025-03
ORD1737,2025-05-01,Beauty,West,Cash on Delivery,4,1016.8,3.1,4067.2,2025-05
ORD2194,2025-12-17,Electronics,South,Net Banking,1,12241.87,5.0,12241.87,2025-12
ORD1059,2025-06-28,Books,North,Cash on Delivery,1,616.04,4.7,616.04,2025-06
ORD1013,2025-05-03,Sports,South,UPI,5,1502.13,3.7,7510.65,2025-05
ORD2167,2025-05-08,Clothing,West,Net Banking,4,1087.66,4.0,4350.64,2025-05
ORD1697,2025-01-25,Home & Kitchen,Unknown,Cash on Delivery,4,2119.53,4.8,8478.12,2025-01
ORD1422,2025-03-30,Electronics,South,Net Banking,2,10817.65,3.9,21635.3,2025-03
ORD1721,2025-07-08,Electronics,West,Debit Card,4,6820.11,2.6,27280.44,2025-07
ORD2193,2025-07-06,Electronics,North,Credit Card,3,8799.83,4.6,26399.49,2025-07
ORD1705,2025-09-24,Home & Kitchen,West,Net Banking,2,1659.08,4.2,3318.16,2025-09
ORD1091,2025-03-12,Electronics,West,Net Banking,1,5172.76,3.6,5172.76,2025-03
ORD1535,2025-09-19,Electronics,West,Debit Card,2,9937.81,4.3,19875.62,2025-09
ORD1322,2025-08-11,Electronics,West,UPI,5,8693.970000000001,3.9,43469.85,2025-08
ORD1525,2025-09-12,Sports,North,Credit Card,5,2273.69,4.0,11368.45,2025-09
ORD1331,2025-01-13,Clothing,West,Cash on Delivery,3,892.64,3.0,2677.92,2025-01
ORD1650,2025-08-27,Home & Kitchen,West,Credit Card,1,2300.83,2.9,2300.83,2025-08
ORD1561,2025-11-12,Sports,West,Cash on Delivery,1,1498.5,4.6,1498.5,2025-11
ORD1053,2025-03-15,Clothing,East,Net Banking,5,1331.7,3.8,6658.5,2025-03
ORD1486,2025-08-28,Home & Kitchen,South,Cash on Delivery,1,1315.6,2.2,1315.6,2025-08
ORD1003,2025-01-25,Beauty,East,Credit Card,4,746.79,3.9,2987.16,2025-01
ORD2085,2025-10-02,Sports,East,Cash on Delivery,3,1178.29,4.0,3534.87,2025-10
ORD1660,2025-11-18,Clothing,South,Credit Card,5,1737.27,4.3,8686.35,2025-11
ORD1256,2025-05-14,Clothing,West,Credit Card,2,1239.7,4.4,2479.4,2025-05
ORD1048,2025-03-29,Books,North,Net Banking,5,501.12,3.6,2505.6,2025-03
ORD1594,2025-06-21,Clothing,West,Credit Card,2,1353.21,3.5,2706.42,2025-06
ORD1446,2025-07-18,Clothing,Unknown,Debit Card,5,1562.23,3.8,7811.15,2025-07
ORD1215,2025-10-04,Sports,South,Net Banking,2,1598.78,3.9,3197.56,2025-10
ORD1835,2025-08-07,Clothing,South,UPI,2,775.45,5.0,1550.9,2025-08
ORD2009,2025-09-30,Home & Kitchen,East,Debit Card,1,1930.2,2.8,1930.2,2025-09
ORD1072,2025-10-24,Sports,East,Credit Card,5,1532.52,3.3,7662.6,2025-10
ORD1950,2025-11-12,Books,South,Debit Card,4,425.68,4.2,1702.72,2025-11
ORD1680,2025-04-25,Sports,Unknown,UPI,5,3024.5200000000004,4.8,15122.6,2025-04
ORD1002,2025-02-03,Sports,West,UPI,3,1413.32,3.2,4239.96,2025-02
ORD2118,2025-04-08,Sports,West,Debit Card,3,2197.51,4.5,6592.53,2025-04
ORD1897,2025-01-17,Home & Kitchen,Unknown,Credit Card,5,2711.84,4.1,13559.2,2025-01
ORD1241,2025-04-29,Clothing,South,Cash on Delivery,5,1208.41,3.8,6042.05,2025-04
ORD1797,2025-09-21,Books,South,Credit Card,1,571.4,4.6,571.4,2025-09
ORD1414,2025-07-01,Home & Kitchen,North,Cash on Delivery,4,2980.6,3.6,11922.4,2025-07
ORD1151,2025-08-03,Books,West,Cash on Delivery,5,318.15,4.0,1590.75,2025-08
ORD2030,2025-06-21,Electronics,South,Credit Card,2,12860.1,3.4,25720.2,2025-06
ORD1693,2025-03-02,Books,West,Cash on Delivery,1,456.93,3.1,456.93,2025-03
ORD1920,2025-04-17,Beauty,South,UPI,2,745.97,4.0,1491.94,2025-04
ORD2000,2025-10-29,Home & Kitchen,North,Cash on Delivery,4,2398.67,5.0,9594.68,2025-10
ORD1419,2025-07-12,Sports,East,Cash on Delivery,4,2142.97,5.0,8571.88,2025-07
ORD1651,2025-06-13,Home & Kitchen,North,Cash on Delivery,7,2553.75,3.9,17876.25,2025-06
ORD1893,2025-08-14,Clothing,West,Credit Card,3,1422.19,4.7,4266.57,2025-08
ORD1073,2025-07-05,Clothing,East,UPI,5,785.35,3.2,3926.75,2025-07
ORD1117,2025-04-04,Clothing,South,Net Banking,5,1043.6,3.6,5218.0,2025-04
ORD2097,2025-10-01,Clothing,North,Cash on Delivery,5,678.3,4.0,3391.5,2025-10
ORD1900,2025-06-24,Clothing,East,Debit Card,1,905.26,4.4,905.26,2025-06
ORD2121,2025-08-22,Electronics,East,Credit Card,3,10846.39,3.9,32539.17,2025-08
ORD1367,2025-05-06,Electronics,North,UPI,5,6930.95,3.3,34654.75,2025-05
ORD1005,2025-01-28,Sports,West,UPI,2,1433.8,4.9,2867.6,2025-01
ORD2145,2025-04-09,Books,North,UPI,4,549.43,3.8,2197.72,2025-04
ORD1881,2025-05-09,Clothing,North,Cash on Delivery,4,848.47,3.8,3393.88,2025-05
ORD1817,2025-12-25,Sports,North,Cash on Delivery,2,2646.39,4.5,5292.78,2025-12
ORD2055,2025-12-02,Electronics,West,UPI,2,8436.2,3.5,16872.4,2025-12
ORD1330,2025-10-03,Sports,South,Debit Card,1,2700.43,4.2,2700.43,2025-10
ORD1826,2025-04-08,Books,North,UPI,1,316.4,2.9,316.4,2025-04
ORD1011,2025-12-29,Electronics,South,Net Banking,2,14231.060000000001,3.1,28462.12,2025-12
ORD2051,2025-12-02,Home & Kitchen,South,UPI,2,2590.73,3.9,5181.46,2025-12
ORD1990,2025-08-12,Sports,East,Credit Card,3,2447.58,4.8,7342.74,2025-08
ORD1699,2025-10-28,Electronics,North,Cash on Delivery,2,7853.34,3.2,15706.68,2025-10
ORD1264,2025-03-24,Beauty,East,Cash on Delivery,1,1073.59,3.9,1073.59,2025-03
ORD2192,2025-12-05,Beauty,North,Net Banking,4,609.09,4.9,2436.36,2025-12
ORD1056,2025-12-30,Books,West,UPI,3,521.72,3.2,1565.16,2025-12
ORD1250,2025-03-23,Electronics,Unknown,Debit Card,4,3696.62,3.9,14786.48,2025-03
ORD2062,2025-12-05,Electronics,South,Credit Card,3,8331.69,4.3,24995.07,2025-12
ORD2175,2025-08-02,Sports,East,Cash on Delivery,5,1713.36,3.3,8566.8,2025-08
ORD1054,2025-08-07,Sports,South,Credit Card,4,1269.76,3.8,5079.04,2025-08
ORD2168,2025-04-02,Sports,North,Cash on Delivery,2,1630.0,3.2,3260.0,2025-04
ORD1233,2025-08-14,Beauty,East,UPI,5,1086.55,2.7,5432.75,2025-08
ORD1084,2025-07-26,Electronics,West,Net Banking,1,8693.970000000001,3.8,8693.97,2025-07
ORD2128,2025-02-03,Home & Kitchen,North,Cash on Delivery,5,1368.47,5.0,6842.35,2025-02
ORD1616,2025-10-12,Home & Kitchen,West,Credit Card,3,3335.24,2.9,10005.72,2025-10
ORD2092,2025-03-02,Electronics,East,UPI,2,8570.65,5.0,17141.3,2025-03
ORD1125,2025-11-12,Clothing,West,UPI,1,864.14,4.0,864.14,2025-11
ORD1678,2025-05-02,Electronics,South,Debit Card,3,13257.52,3.8,39772.56,2025-05
ORD1187,2025-02-08,Sports,West,Credit Card,5,1769.81,4.4,8849.05,2025-02
ORD1530,2025-03-19,Books,South,Credit Card,1,379.84,3.1,379.84,2025-03
ORD1546,2025-05-03,Clothing,South,Net Banking,5,810.6,2.8,4053.0,2025-05
ORD1885,2025-10-02,Home & Kitchen,South,Debit Card,1,1264.2,4.3,1264.2,2025-10
ORD1527,2025-04-17,Sports,Unknown,Credit Card,1,2136.97,3.9,2136.97,2025-04
ORD1388,2025-01-01,Electronics,East,Net Banking,2,8693.970000000001,4.0,17387.94,2025-01
ORD1137,2025-07-11,Beauty,South,Cash on Delivery,4,656.17,4.3,2624.68,2025-07
ORD1759,2025-06-05,Books,East,UPI,4,445.28,4.2,1781.12,2025-06
ORD1172,2025-02-17,Home & Kitchen,North,Net Banking,1,2508.505,4.6,2508.5,2025-02
ORD1745,2025-10-09,Beauty,Unknown,UPI,1,795.51,3.0,795.51,2025-10
ORD1491,2025-03-14,Clothing,East,Net Banking,1,1038.87,4.0,1038.87,2025-03
ORD1840,2025-05-26,Home & Kitchen,East,UPI,5,3201.94,4.1,16009.7,2025-05
ORD2089,2025-04-23,Home & Kitchen,South,Cash on Delivery,4,3102.92,5.0,12411.68,2025-04
ORD1455,2025-01-13,Electronics,South,Net Banking,1,11234.54,3.0,11234.54,2025-01
ORD1223,2025-03-22,Clothing,South,Credit Card,1,1441.37,4.3,1441.37,2025-03
ORD1906,2025-10-15,Electronics,East,Cash on Delivery,1,5978.8,4.4,5978.8,2025-10
ORD1177,2025-05-13,Electronics,South,Cash on Delivery,5,10595.54,4.6,52977.7,2025-05
ORD1661,2025-09-02,Electronics,South,Credit Card,2,8009.0,5.0,16018.0,2025-09
ORD1746,2025-05-21,Electronics,South,Cash on Delivery,3,11787.57,4.0,35362.71,2025-05
ORD1951,2025-05-30,Sports,North,Credit Card,1,1492.62,4.6,1492.62,2025-05
ORD1374,2025-07-16,Beauty,North,Cash on Delivery,3,1077.84,5.0,3233.52,2025-07
ORD2183,2025-01-08,Home & Kitchen,South,Credit Card,3,1804.79,3.5,5414.37,2025-01
ORD1496,2025-08-22,Electronics,West,Cash on Delivery,1,10744.82,1.8,10744.82,2025-08
ORD1755,2025-11-16,Sports,West,Net Banking,2,1679.49,4.2,3358.98,2025-11
ORD1547,2025-10-22,Electronics,East,Debit Card,1,10348.24,4.4,10348.24,2025-10
ORD1299,2025-06-08,Sports,North,Cash on Delivery,3,1735.07,4.7,5205.21,2025-06
ORD1160,2025-03-02,Books,North,Debit Card,3,320.53,4.8,961.59,2025-03
ORD2196,2025-06-18,Home & Kitchen,West,Net Banking,3,2341.76,4.4,7025.28,2025-06
ORD1050,2025-04-02,Beauty,South,Cash on Delivery,2,939.72,3.7,1879.44,2025-04
ORD1880,2025-01-29,Sports,South,Credit Card,2,2030.13,4.5,4060.26,2025-01
ORD1908,2025-04-05,Electronics,Unknown,Net Banking,2,8377.66,3.9,16755.32,2025-04
ORD1032,2025-04-13,Electronics,North,Debit Card,3,6147.53,4.5,18442.59,2025-04
ORD1257,2025-01-22,Clothing,South,Net Banking,2,1263.09,5.0,2526.18,2025-01
ORD1238,2025-05-10,Books,West,Credit Card,2,413.55,3.6,827.1,2025-05
ORD1836,2025-06-28,Electronics,West,Net Banking,2,9952.71,5.0,19905.42,2025-06
ORD1484,2025-05-31,Sports,North,Credit Card,3,2084.79,5.0,6254.37,2025-05
ORD1902,2025-08-31,Clothing,West,UPI,2,1003.53,4.0,2007.06,2025-08
ORD1480,2025-06-06,Clothing,South,UPI,5,1269.2,4.1,6346.0,2025-06
ORD1538,2025-10-23,Home & Kitchen,North,Debit Card,5,1563.73,4.5,7818.65,2025-10
ORD1675,2025-03-03,Sports,East,Credit Card,1,1520.1,4.4,1520.1,2025-03
ORD1578,2025-10-01,Home & Kitchen,North,UPI,5,1808.85,4.1,9044.25,2025-10
ORD1354,2025-09-25,Home & Kitchen,South,Credit Card,4,2621.94,4.1,10487.76,2025-09
ORD1946,2025-02-17,Electronics,North,UPI,5,11691.99,3.6,58459.95,2025-02
ORD1851,2025-07-24,Clothing,West,Cash on Delivery,4,1465.02,4.9,5860.08,2025-07
ORD1474,2025-11-04,Clothing,North,UPI,3,1490.94,3.2,4472.82,2025-11
ORD1472,2025-05-31,Clothing,South,Debit Card,3,1065.15,3.9,3195.45,2025-05
ORD1931,2025-11-17,Clothing,East,Credit Card,4,1137.77,4.6,4551.08,2025-11
ORD2159,2025-07-12,Sports,North,Net Banking,5,1773.15,4.5,8865.75,2025-07
ORD1368,2025-11-10,Home & Kitchen,South,Debit Card,1,2709.4,4.4,2709.4,2025-11
ORD1719,2025-05-06,Electronics,East,Credit Card,2,6271.74,4.2,12543.48,2025-05
ORD1509,2025-03-24,Home & Kitchen,East,Cash on Delivery,2,2962.27,3.7,5924.54,2025-03
ORD2066,2025-04-07,Clothing,South,Net Banking,3,1231.04,3.1,3693.12,2025-04
ORD1623,2025-03-23,Clothing,North,UPI,4,1223.9,4.4,4895.6,2025-03
ORD1899,2025-01-05,Beauty,West,Cash on Delivery,4,1240.23,4.1,4960.92,2025-01
ORD1555,2025-03-05,Clothing,East,Net Banking,3,1430.58,5.0,4291.74,2025-03
ORD1303,2025-08-03,Home & Kitchen,South,Net Banking,5,1504.99,4.8,7524.95,2025-08
ORD1769,2025-03-12,Electronics,South,UPI,5,9967.43,4.2,49837.15,2025-03
ORD1953,2025-09-06,Electronics,South,UPI,2,7469.59,4.3,14939.18,2025-09
ORD1478,2025-11-19,Books,North,Cash on Delivery,1,436.92,5.0,436.92,2025-11
ORD1275,2025-05-24,Electronics,East,UPI,4,10997.95,4.9,43991.8,2025-05
ORD1644,2025-11-03,Electronics,East,UPI,3,9139.87,1.9,27419.61,2025-11
ORD1842,2025-10-01,Books,South,UPI,4,403.94,3.7,1615.76,2025-10
ORD1926,2025-03-30,Beauty,East,UPI,1,660.79,3.2,660.79,2025-03
ORD2013,2025-04-01,Clothing,East,Credit Card,2,974.89,4.0,1949.78,2025-04
ORD1894,2025-04-05,Clothing,East,Credit Card,1,1001.65,4.1,1001.65,2025-04
ORD1537,2025-07-06,Beauty,West,Debit Card,3,503.71,4.1,1511.13,2025-07
ORD1984,2025-07-16,Beauty,North,UPI,2,929.83,5.0,1859.66,2025-07
ORD1567,2025-03-07,Beauty,West,UPI,5,718.71,1.8,3593.55,2025-03
ORD1995,2025-03-04,Beauty,West,Net Banking,4,939.94,3.0,3759.76,2025-03
ORD1934,2025-01-20,Home & Kitchen,South,Credit Card,4,2751.48,2.8,11005.92,2025-01
ORD1433,2025-05-18,Beauty,South,Credit Card,3,1088.9,5.0,3266.7,2025-05
ORD2195,2025-12-15,Electronics,South,Cash on Delivery,4,7279.52,4.0,29118.08,2025-12
ORD1921,2025-10-03,Clothing,North,Debit Card,1,874.04,3.2,874.04,2025-10
ORD2170,2025-03-03,Beauty,North,Net Banking,4,911.89,4.5,3647.56,2025-03
ORD1985,2025-10-31,Sports,South,Debit Card,3,2146.97,4.2,6440.91,2025-10
ORD1492,2025-09-06,Books,East,UPI,5,511.19,5.0,2555.95,2025-09
ORD1385,2025-02-14,Electronics,South,Debit Card,5,5784.06,3.6,28920.3,2025-02
ORD1281,2025-10-25,Electronics,West,UPI,5,10097.57,5.0,50487.85,2025-10
ORD1483,2025-07-22,Beauty,North,Debit Card,4,1254.46,4.1,5017.84,2025-07
ORD1282,2025-03-23,Clothing,East,Cash on Delivery,3,1557.42,4.2,4672.26,2025-03
ORD1437,2025-10-29,Electronics,West,Debit Card,1,10557.0,4.3,10557.0,2025-10
ORD1572,2025-06-22,Books,North,Credit Card,4,661.32,3.9,2645.28,2025-06
ORD1575,2025-04-18,Clothing,West,UPI,5,1319.69,3.4,6598.45,2025-04
ORD1780,2025-01-24,Clothing,East,UPI,5,1299.09,5.0,6495.45,2025-01
ORD2171,2025-07-15,Electronics,South,Debit Card,3,5037.02,3.8,15111.06,2025-07
ORD2114,2025-05-11,Clothing,North,Cash on Delivery,1,1375.68,2.7,1375.68,2025-05
ORD2164,2025-12-24,Clothing,South,UPI,3,1159.14,4.6,3477.42,2025-12
ORD1121,2025-06-13,Electronics,South,Cash on Delivery,1,6426.09,4.4,6426.09,2025-06
ORD2146,2025-11-16,Sports,West,Net Banking,3,2642.51,5.0,7927.53,2025-11
ORD1016,2025-06-16,Electronics,Unknown,Debit Card,5,6575.86,5.0,32879.3,2025-06
ORD2100,2025-09-19,Books,West,Debit Card,3,445.69,4.0,1337.07,2025-09
ORD1713,2025-01-06,Electronics,East,Credit Card,2,7769.99,4.2,15539.98,2025-01
ORD1620,2025-07-31,Sports,South,Net Banking,5,1981.1,4.3,9905.5,2025-07
ORD1293,2025-05-30,Beauty,East,Credit Card,4,908.44,4.0,3633.76,2025-05
ORD1862,2025-02-26,Electronics,North,Net Banking,1,10009.33,3.2,10009.33,2025-02
ORD1725,2025-04-20,Beauty,North,Net Banking,3,814.89,5.0,2444.67,2025-04
ORD1106,2025-06-11,Electronics,North,Credit Card,4,7563.61,4.2,30254.44,2025-06
ORD1023,2025-07-17,Home & Kitchen,South,UPI,5,1881.54,4.0,9407.7,2025-07
ORD1069,2025-10-27,Sports,North,Credit Card,1,2173.28,3.0,2173.28,2025-10
ORD1685,2025-08-20,Home & Kitchen,West,Cash on Delivery,4,2406.67,3.5,9626.68,2025-08
ORD1892,2025-04-16,Beauty,North,Credit Card,1,1011.86,3.2,1011.86,2025-04
ORD1855,2025-07-02,Electronics,South,Cash on Delivery,4,4657.5,5.0,18630.0,2025-07
ORD1997,2025-02-08,Beauty,North,Cash on Delivery,5,1076.07,4.3,5380.35,2025-02
ORD1103,2025-03-23,Books,South,Credit Card,4,593.38,3.5,2373.52,2025-03
ORD2048,2025-02-03,Electronics,East,UPI,5,8987.01,5.0,44935.05,2025-02
ORD1815,2025-11-06,Clothing,West,Cash on Delivery,3,1061.42,5.0,3184.26,2025-11
ORD1895,2025-02-28,Electronics,East,Debit Card,4,5257.55,3.2,21030.2,2025-02
ORD2156,2025-07-09,Beauty,East,UPI,2,1163.73,2.0,2327.46,2025-07
ORD1074,2025-05-16,Electronics,West,UPI,4,10472.63,3.6,41890.52,2025-05
ORD1507,2025-01-24,Home & Kitchen,South,Cash on Delivery,1,3956.89,3.7,3956.89,2025-01
ORD2165,2025-04-26,Clothing,South,Credit Card,1,1236.37,3.8,1236.37,2025-04
ORD1218,2025-03-29,Home & Kitchen,North,Debit Card,4,1143.37,4.6,4573.48,2025-03
ORD2177,2025-11-05,Clothing,West,Net Banking,2,1712.97,4.8,3425.94,2025-11
ORD1773,2025-06-13,Clothing,West,Cash on Delivery,2,1393.24,4.3,2786.48,2025-06
ORD1265,2025-06-03,Books,North,Debit Card,4,320.98,3.5,1283.92,2025-06
ORD2173,2025-10-19,Clothing,South,Net Banking,3,795.4,3.4,2386.2,2025-10
ORD1966,2025-11-19,Home & Kitchen,North,Net Banking,5,2325.88,4.0,11629.4,2025-11
ORD1434,2025-08-02,Books,West,Net Banking,5,639.27,3.2,3196.35,2025-08
ORD1110,2025-07-14,Beauty,West,Cash on Delivery,2,824.1,4.5,1648.2,2025-07
ORD1816,2025-08-30,Sports,South,UPI,4,1830.23,4.0,7320.92,2025-08
ORD1040,2025-04-16,Home & Kitchen,East,Net Banking,5,3881.9,3.3,19409.5,2025-04
ORD1726,2025-10-28,Beauty,West,UPI,2,807.67,3.4,1615.34,2025-10
ORD1276,2025-07-17,Beauty,North,UPI,1,1142.51,3.3,1142.51,2025-07
ORD1339,2025-10-17,Electronics,South,Net Banking,3,9035.19,4.9,27105.57,2025-10
ORD2008,2025-03-06,Electronics,North,Credit Card,4,3669.5,2.6,14678.0,2025-03
ORD1711,2025-03-05,Home & Kitchen,West,UPI,3,1475.38,4.3,4426.14,2025-03
ORD1185,2025-03-23,Electronics,West,Debit Card,2,8734.59,2.9,17469.18,2025-03
ORD1761,2025-01-05,Books,South,Debit Card,1,340.9,4.0,340.9,2025-01
ORD1640,2025-02-21,Home & Kitchen,South,Credit Card,4,2508.505,3.2,10034.02,2025-02
ORD1860,2025-09-03,Electronics,East,Credit Card,5,12566.8,5.0,62834.0,2025-09
ORD1061,2025-02-01,Clothing,South,Debit Card,1,1315.02,3.2,1315.02,2025-02
ORD1684,2025-02-22,Sports,East,Credit Card,3,1721.81,3.9,5165.43,2025-02
ORD1387,2025-08-27,Sports,West,Net Banking,2,2236.95,4.4,4473.9,2025-08
ORD1959,2025-08-30,Electronics,North,Net Banking,4,8515.69,4.3,34062.76,2025-08
ORD2107,2025-01-22,Home & Kitchen,North,Debit Card,4,1593.64,3.1,6374.56,2025-01
ORD1251,2025-05-25,Electronics,West,Net Banking,1,12124.94,4.5,12124.94,2025-05
ORD2058,2025-08-21,Electronics,East,Credit Card,1,11796.25,3.3,11796.25,2025-08
ORD2197,2025-11-06,Home & Kitchen,West,Credit Card,5,2756.59,4.0,13782.95,2025-11
ORD1307,2025-09-22,Sports,West,Debit Card,5,911.77,4.0,4558.85,2025-09
ORD1193,2025-06-15,Electronics,West,Debit Card,5,7940.97,5.0,39704.85,2025-06
ORD1502,2025-11-29,Clothing,West,Credit Card,4,1809.42,4.8,7237.68,2025-11
ORD1033,2025-03-05,Books,East,UPI,1,487.98,4.1,487.98,2025-03
ORD1828,2025-12-09,Electronics,East,Debit Card,4,7164.82,4.0,28659.28,2025-12
ORD1057,2025-02-17,Clothing,East,Cash on Delivery,1,1293.6,4.0,1293.6,2025-02
ORD1673,2025-10-26,Electronics,West,Cash on Delivery,2,12114.18,4.2,24228.36,2025-10
ORD1358,2025-11-07,Electronics,South,UPI,2,9539.94,4.1,19079.88,2025-11
ORD1045,2025-09-26,Sports,South,Net Banking,2,1823.92,3.4,3647.84,2025-09
ORD1932,2025-09-22,Beauty,North,Cash on Delivery,2,1062.73,3.6,2125.46,2025-09
ORD1853,2025-02-07,Sports,North,Net Banking,3,2169.27,4.0,6507.81,2025-02
ORD1596,2025-10-09,Electronics,East,Net Banking,2,6954.34,3.8,13908.68,2025-10
ORD1068,2025-10-23,Electronics,North,UPI,1,8918.15,3.7,8918.15,2025-10
ORD1318,2025-10-09,Books,South,UPI,2,653.5,2.7,1307.0,2025-10
ORD1291,2025-10-30,Books,West,Cash on Delivery,5,390.55,2.9,1952.75,2025-10
ORD1046,2025-08-23,Electronics,North,Net Banking,2,12947.98,4.3,25895.96,2025-08
ORD1277,2025-02-08,Sports,North,Credit Card,4,2288.03,4.8,9152.12,2025-02
ORD2134,2025-04-22,Books,North,Credit Card,2,393.95,3.8,787.9,2025-04
ORD1297,2025-04-01,Sports,West,Credit Card,2,1545.46,4.5,3090.92,2025-04
ORD1224,2025-07-04,Clothing,West,Credit Card,1,1312.81,5.0,1312.81,2025-07
ORD1628,2025-06-29,Electronics,East,Credit Card,4,7908.71,4.5,31634.84,2025-06
ORD1785,2025-03-24,Clothing,West,Debit Card,2,1436.13,3.2,2872.26,2025-03
ORD1364,2025-01-26,Beauty,North,UPI,3,885.71,4.0,2657.13,2025-01
ORD1783,2025-08-21,Clothing,South,UPI,5,1697.67,3.2,8488.35,2025-08
ORD1366,2025-04-04,Home & Kitchen,North,Cash on Delivery,1,3313.22,4.5,3313.22,2025-04
ORD1000,2025-03-15,Beauty,South,UPI,5,1111.63,3.0,5558.15,2025-03
ORD1066,2025-09-07,Beauty,North,Debit Card,5,912.23,4.4,4561.15,2025-09
ORD1709,2025-12-07,Clothing,East,Cash on Delivery,1,1315.3,3.7,1315.3,2025-12
ORD1031,2025-01-12,Sports,South,Credit Card,5,1184.33,5.0,5921.65,2025-01
ORD1813,2025-11-29,Electronics,North,Debit Card,3,8295.55,3.3,24886.65,2025-11
ORD1294,2025-03-03,Home & Kitchen,East,UPI,3,3071.64,3.8,9214.92,2025-03
ORD1113,2025-12-18,Sports,Unknown,UPI,3,1038.62,3.3,3115.86,2025-12
ORD1245,2025-09-20,Clothing,North,Cash on Delivery,3,1631.61,4.2,4894.83,2025-09
ORD1415,2025-10-12,Electronics,West,Cash on Delivery,5,7627.62,4.8,38138.1,2025-10
ORD1161,2025-01-27,Electronics,West,Credit Card,2,9542.88,4.2,19085.76,2025-01
ORD1411,2025-11-09,Clothing,North,Debit Card,2,894.51,3.8,1789.02,2025-11
ORD1904,2025-08-19,Sports,North,Credit Card,1,2296.11,4.6,2296.11,2025-08
ORD1767,2025-12-17,Home & Kitchen,South,UPI,2,2617.94,5.0,5235.88,2025-12
ORD1700,2025-09-29,Home & Kitchen,North,Net Banking,3,2455.43,3.5,7366.29,2025-09
ORD2143,2025-03-02,Sports,South,Cash on Delivery,3,1793.04,4.6,5379.12,2025-03
ORD1961,2025-05-15,Home & Kitchen,East,Net Banking,4,2152.98,4.0,8611.92,2025-05
ORD1247,2025-03-12,Sports,Unknown,Net Banking,3,1748.61,4.1,5245.83,2025-03
ORD2125,2025-08-19,Books,South,Net Banking,4,422.92,3.2,1691.68,2025-08
ORD1092,2025-11-03,Home & Kitchen,South,Credit Card,1,1445.96,4.0,1445.96,2025-11
ORD1381,2025-03-29,Sports,West,Debit Card,4,2103.82,4.8,8415.28,2025-03
ORD1114,2025-11-22,Clothing,West,Debit Card,2,715.3,3.6,1430.6,2025-11
ORD2181,2025-01-11,Sports,East,Debit Card,3,2449.91,4.4,7349.73,2025-01
ORD1254,2025-02-09,Electronics,South,Debit Card,4,6056.07,3.1,24224.28,2025-02
ORD1429,2025-11-12,Clothing,West,Cash on Delivery,5,1147.51,3.3,5737.55,2025-11
ORD1588,2025-07-15,Home & Kitchen,South,Credit Card,4,1681.82,2.3,6727.28,2025-07
ORD1178,2025-06-11,Beauty,South,Net Banking,3,1057.18,3.4,3171.54,2025-06
ORD1947,2025-12-30,Beauty,North,Debit Card,1,857.84,4.1,857.84,2025-12
ORD1389,2025-07-18,Beauty,North,Debit Card,1,789.7,1.8,789.7,2025-07
ORD1132,2025-02-15,Sports,East,Debit Card,4,2411.65,5.0,9646.6,2025-02
ORD2162,2025-10-22,Electronics,North,UPI,4,5748.2,4.1,22992.8,2025-10
ORD2154,2025-10-20,Beauty,South,Net Banking,4,658.19,4.0,2632.76,2025-10
ORD1868,2025-12-27,Electronics,South,Credit Card,2,8863.89,3.7,17727.78,2025-12
ORD1289,2025-02-14,Sports,East,Net Banking,3,2656.31,4.2,7968.93,2025-02
ORD1246,2025-09-19,Books,South,UPI,5,383.26,4.4,1916.3,2025-09
ORD1552,2025-09-28,Beauty,South,Net Banking,3,1262.68,4.3,3788.04,2025-09
ORD1089,2025-08-26,Books,East,Debit Card,5,600.28,5.0,3001.4,2025-08
ORD1192,2025-09-30,Clothing,West,Credit Card,1,1118.95,3.9,1118.95,2025-09
ORD2047,2025-04-07,Home & Kitchen,South,Net Banking,4,2522.78,2.4,10091.12,2025-04
ORD1668,2025-07-14,Electronics,South,Cash on Delivery,2,11128.73,5.0,22257.46,2025-07
ORD1436,2025-03-09,Home & Kitchen,West,UPI,4,2738.29,3.2,10953.16,2025-03
ORD1765,2025-12-03,Home & Kitchen,North,Cash on Delivery,5,2400.24,2.6,12001.2,2025-12
ORD1671,2025-03-09,Home & Kitchen,South,Cash on Delivery,5,3337.66,3.6,16688.3,2025-03
ORD1146,2025-05-13,Books,South,Credit Card,1,453.5,4.0,453.5,2025-05
ORD1118,2025-06-05,Beauty,North,Credit Card,3,1237.13,3.7,3711.39,2025-06
ORD2176,2025-04-17,Clothing,East,Cash on Delivery,2,1240.88,5.0,2481.76,2025-04
ORD1777,2025-03-03,Beauty,South,Debit Card,4,933.46,3.8,3733.84,2025-03
ORD1845,2025-11-10,Electronics,East,Cash on Delivery,5,5442.6,4.3,27213.0,2025-11
ORD1923,2025-08-06,Beauty,South,Credit Card,1,1161.39,2.7,1161.39,2025-08
ORD1927,2025-05-31,Clothing,East,UPI,3,1311.53,3.8,3934.59,2025-05
ORD1026,2025-12-22,Sports,West,Debit Card,1,1575.32,3.2,1575.32,2025-12
ORD1014,2025-12-09,Sports,South,Cash on Delivery,1,1805.62,4.4,1805.62,2025-12
ORD1500,2025-06-01,Sports,South,Credit Card,3,2039.05,4.1,6117.15,2025-06
ORD1082,2025-02-16,Clothing,East,Net Banking,4,1227.46,4.0,4909.84,2025-02
ORD1819,2025-07-31,Home & Kitchen,West,Net Banking,4,3302.4,2.9,13209.6,2025-07
ORD2033,2025-08-19,Beauty,North,UPI,1,1122.99,4.8,1122.99,2025-08
ORD2098,2025-03-05,Electronics,North,Debit Card,1,8042.22,3.7,8042.22,2025-03
ORD1600,2025-02-22,Home & Kitchen,West,Debit Card,4,2333.5,5.0,9334.0,2025-02
ORD1273,2025-02-13,Books,West,Cash on Delivery,2,421.61,4.1,843.22,2025-02
ORD1825,2025-08-08,Clothing,North,Debit Card,2,938.89,3.3,1877.78,2025-08
ORD1466,2025-10-07,Electronics,North,UPI,3,8741.98,3.0,26225.94,2025-10
ORD2130,2025-07-06,Sports,West,Net Banking,5,3024.5200000000004,2.7,15122.6,2025-07
ORD2073,2025-08-28,Beauty,North,Debit Card,5,937.05,2.6,4685.25,2025-08
ORD2140,2025-10-12,Electronics,East,UPI,5,10451.06,3.7,52255.3,2025-10
ORD1447,2025-09-24,Beauty,East,Cash on Delivery,3,880.22,3.2,2640.66,2025-09
ORD1371,2025-07-18,Home & Kitchen,Unknown,Net Banking,1,1875.53,4.1,1875.53,2025-07
ORD1557,2025-07-12,Sports,North,Debit Card,3,2049.28,4.5,6147.84,2025-07
ORD1271,2025-02-01,Clothing,West,Credit Card,2,879.72,4.9,1759.44,2025-02
ORD1605,2025-07-15,Electronics,Unknown,Net Banking,3,8404.36,2.5,25213.08,2025-07
ORD1449,2025-12-17,Clothing,North,Net Banking,1,1585.98,4.0,1585.98,2025-12
ORD2109,2025-05-20,Beauty,South,Credit Card,7,893.15,1.7,6252.05,2025-05
ORD1523,2025-03-26,Electronics,East,Credit Card,4,7086.74,3.4,28346.96,2025-03
ORD1214,2025-07-14,Home & Kitchen,South,Net Banking,2,4248.580000000001,3.6,8497.16,2025-07
ORD1344,2025-03-14,Home & Kitchen,West,Debit Card,1,2912.18,4.1,2912.18,2025-03
ORD2069,2025-10-07,Books,West,Cash on Delivery,3,592.29,4.0,1776.87,2025-10
ORD1147,2025-09-23,Electronics,East,Credit Card,2,9916.47,2.8,19832.94,2025-09
ORD1412,2025-03-10,Beauty,North,Net Banking,4,678.8,4.8,2715.2,2025-03
ORD2101,2025-12-14,Beauty,South,Cash on Delivery,4,1001.53,5.0,4006.12,2025-12
ORD1342,2025-12-27,Electronics,South,Credit Card,5,8531.2,4.1,42656.0,2025-12
ORD1173,2025-12-10,Electronics,South,Net Banking,1,7435.92,3.2,7435.92,2025-12
ORD1838,2025-03-18,Electronics,North,Net Banking,2,7938.11,3.9,15876.22,2025-03
ORD2043,2025-11-10,Sports,West,Credit Card,2,1052.61,3.2,2105.22,2025-11
ORD1305,2025-05-27,Home & Kitchen,North,Credit Card,5,2223.12,4.4,11115.6,2025-05
ORD1543,2025-02-19,Electronics,North,Net Banking,4,8369.28,3.2,33477.12,2025-02
ORD1764,2025-06-23,Home & Kitchen,South,Cash on Delivery,2,2394.16,3.4,4788.32,2025-06
ORD2003,2025-10-30,Sports,South,Debit Card,1,1690.88,4.0,1690.88,2025-10
ORD1887,2025-04-15,Books,East,Debit Card,3,680.04,3.8,2040.12,2025-04
ORD1285,2025-08-09,Electronics,North,Net Banking,4,7357.15,3.5,29428.6,2025-08
ORD1221,2025-12-18,Books,West,Net Banking,1,341.4,2.3,341.4,2025-12
ORD1736,2025-04-14,Electronics,South,Cash on Delivery,2,7469.8,4.3,14939.6,2025-04
ORD1022,2025-06-20,Home & Kitchen,North,Credit Card,5,1865.26,4.7,9326.3,2025-06
ORD1924,2025-12-14,Sports,East,UPI,2,1710.15,4.0,3420.3,2025-12
ORD1116,2025-04-02,Electronics,West,Credit Card,2,9392.9,3.9,18785.8,2025-04
ORD1936,2025-10-18,Clothing,South,Net Banking,2,958.18,3.9,1916.36,2025-10
ORD1361,2025-07-01,Beauty,South,Cash on Delivery,5,814.94,3.4,4074.7,2025-07
ORD1095,2025-08-01,Books,East,Credit Card,5,310.0,3.6,1550.0,2025-08
ORD1992,2025-02-03,Sports,West,UPI,5,2150.83,4.9,10754.15,2025-02
ORD1261,2025-02-13,Beauty,West,Cash on Delivery,5,1241.18,4.7,6205.9,2025-02
ORD1952,2025-03-13,Electronics,Unknown,Debit Card,4,8567.1,5.0,34268.4,2025-03
ORD1827,2025-12-30,Home & Kitchen,North,Net Banking,1,3085.61,4.4,3085.61,2025-12
ORD1799,2025-10-14,Clothing,North,Net Banking,3,1327.93,4.9,3983.79,2025-10
ORD1179,2025-12-08,Clothing,West,Net Banking,5,913.31,3.0,4566.55,2025-12
ORD1102,2025-11-16,Electronics,North,UPI,4,7393.75,4.2,29575.0,2025-11
ORD1574,2025-06-20,Books,South,UPI,3,515.68,3.3,1547.04,2025-06
ORD1563,2025-05-15,Books,West,Cash on Delivery,5,420.61,4.0,2103.05,2025-05
ORD1184,2025-04-16,Electronics,South,UPI,4,7253.51,4.2,29014.04,2025-04
ORD1467,2025-11-17,Books,South,Cash on Delivery,4,548.1,2.7,2192.4,2025-11
ORD2017,2025-10-07,Beauty,South,Cash on Delivery,5,376.13499999999976,3.2,1880.67,2025-10
ORD1976,2025-06-13,Electronics,West,Debit Card,1,13623.89,3.5,13623.89,2025-06
ORD1071,2025-02-11,Sports,West,UPI,1,1453.75,3.9,1453.75,2025-02
ORD2037,2025-01-25,Beauty,North,Credit Card,1,1349.65,4.8,1349.65,2025-01
ORD1802,2025-02-13,Clothing,South,Credit Card,2,1297.46,4.0,2594.92,2025-02
ORD1346,2025-02-06,Clothing,East,UPI,3,786.26,4.5,2358.78,2025-02
ORD1839,2025-05-18,Sports,South,Debit Card,2,1788.62,4.0,3577.24,2025-05
ORD2113,2025-05-24,Books,North,Net Banking,3,370.67,5.0,1112.01,2025-05
ORD1029,2025-11-05,Clothing,West,Credit Card,5,1673.73,3.9,8368.65,2025-11
ORD2011,2025-03-15,Home & Kitchen,North,UPI,2,2575.65,4.4,5151.3,2025-03
ORD1039,2025-04-02,Beauty,North,Cash on Delivery,1,735.96,2.3,735.96,2025-04
ORD1504,2025-06-28,Sports,West,Cash on Delivery,2,1759.62,3.8,3519.24,2025-06
ORD1157,2025-05-02,Beauty,South,UPI,3,1206.77,3.7,3620.31,2025-05
ORD1658,2025-09-08,Electronics,North,Net Banking,1,8619.3,3.7,8619.3,2025-09
ORD1635,2025-06-09,Clothing,East,Net Banking,1,1010.46,4.6,1010.46,2025-06
ORD2086,2025-03-25,Home & Kitchen,East,Debit Card,4,2094.78,4.7,8379.12,2025-03
ORD1394,2025-02-05,Home & Kitchen,North,UPI,4,1936.18,4.2,7744.72,2025-02
ORD1052,2025-09-02,Clothing,East,Debit Card,2,1225.145,5.0,2450.29,2025-09
ORD1109,2025-09-04,Clothing,West,Net Banking,1,1373.87,2.8,1373.87,2025-09
ORD1359,2025-09-28,Clothing,West,Net Banking,3,1366.54,3.4,4099.62,2025-09
ORD1943,2025-05-07,Electronics,West,Cash on Delivery,5,6856.96,5.0,34284.8,2025-05
ORD1402,2025-04-06,Sports,North,Credit Card,4,1819.18,3.8,7276.72,2025-04
ORD1421,2025-11-20,Clothing,South,Net Banking,2,1268.94,4.7,2537.88,2025-11
ORD1448,2025-07-23,Home & Kitchen,West,Debit Card,2,2178.98,5.0,4357.96,2025-07
ORD1677,2025-07-29,Electronics,North,UPI,1,7977.84,3.0,7977.84,2025-07
ORD1284,2025-04-18,Clothing,West,Debit Card,2,1496.56,3.4,2993.12,2025-04
ORD1592,2025-08-17,Clothing,East,Credit Card,1,1130.57,3.8,1130.57,2025-08
ORD1227,2025-03-31,Books,South,Debit Card,5,659.19,4.5,3295.95,2025-03
ORD1353,2025-05-09,Electronics,North,Debit Card,4,10672.62,3.9,42690.48,2025-05
ORD1009,2025-06-10,Home & Kitchen,East,Credit Card,1,3434.34,4.8,3434.34,2025-06
ORD2018,2025-07-20,Clothing,South,Net Banking,3,707.78,4.6,2123.34,2025-07
ORD1030,2025-05-30,Home & Kitchen,South,Credit Card,4,2243.17,4.3,8972.68,2025-05
ORD1691,2025-05-07,Books,South,Cash on Delivery,4,392.63,4.7,1570.52,2025-05
ORD1963,2025-07-04,Clothing,North,Debit Card,2,1086.08,3.2,2172.16,2025-07
ORD1776,2025-09-24,Home & Kitchen,West,Cash on Delivery,4,1938.74,3.6,7754.96,2025-09
ORD1334,2025-04-22,Home & Kitchen,South,UPI,1,3560.37,4.6,3560.37,2025-04
ORD1462,2025-03-23,Clothing,West,Cash on Delivery,1,849.12,5.0,849.12,2025-03
ORD1007,2025-03-29,Beauty,West,Net Banking,2,949.2,4.2,1898.4,2025-03
ORD1517,2025-02-15,Home & Kitchen,North,Cash on Delivery,4,1788.55,3.6,7154.2,2025-02
ORD1197,2025-03-09,Electronics,East,Credit Card,3,8735.05,5.0,26205.15,2025-03
ORD1296,2025-03-17,Sports,West,Net Banking,1,1941.22,4.7,1941.22,2025-03
ORD1392,2025-05-08,Sports,South,Net Banking,3,2805.47,4.3,8416.41,2025-05
ORD1804,2025-07-21,Books,South,Cash on Delivery,4,419.55,3.9,1678.2,2025-07
ORD2187,2025-04-21,Electronics,South,Net Banking,2,5408.88,3.7,10817.76,2025-04
ORD1945,2025-04-27,Electronics,East,UPI,4,9361.14,3.3,37444.56,2025-04
ORD2065,2025-01-04,Clothing,North,Debit Card,4,1569.84,4.1,6279.36,2025-01
ORD1510,2025-06-19,Beauty,West,UPI,2,772.49,4.8,1544.98,2025-06
ORD1977,2025-10-28,Beauty,North,Cash on Delivery,1,790.4,3.9,790.4,2025-10
ORD1122,2025-06-01,Clothing,South,Credit Card,1,1410.5,4.0,1410.5,2025-06
ORD1688,2025-09-05,Home & Kitchen,North,UPI,5,3164.69,3.5,15823.45,2025-09
ORD1378,2025-09-10,Electronics,South,Cash on Delivery,4,6537.61,4.0,26150.44,2025-09
ORD1038,2025-09-27,Clothing,West,Credit Card,3,944.03,4.0,2832.09,2025-09
ORD2076,2025-03-16,Beauty,North,Cash on Delivery,1,902.01,3.3,902.01,2025-03
ORD2106,2025-06-25,Beauty,Unknown,Credit Card,2,1185.99,3.8,2371.98,2025-06
ORD1771,2025-06-14,Beauty,West,Credit Card,1,1123.87,3.4,1123.87,2025-06
ORD1162,2025-10-26,Home & Kitchen,North,Net Banking,5,2739.3,2.6,13696.5,2025-10
ORD1067,2025-08-16,Electronics,West,Credit Card,4,8793.76,4.2,35175.04,2025-08
ORD1124,2025-11-12,Clothing,South,UPI,2,751.01,5.0,1502.02,2025-11
ORD1551,2025-03-10,Clothing,North,Credit Card,2,1693.29,3.7,3386.58,2025-03
ORD1004,2025-07-19,Beauty,North,Debit Card,3,1487.6550000000002,4.3,4462.96,2025-07
ORD2082,2025-05-11,Home & Kitchen,East,Net Banking,2,3796.53,2.8,7593.06,2025-05
ORD2103,2025-02-06,Electronics,South,Net Banking,5,7114.69,4.3,35573.45,2025-02
ORD1300,2025-06-19,Home & Kitchen,East,Cash on Delivery,2,2305.63,4.1,4611.26,2025-06
ORD1611,2025-12-28,Home & Kitchen,North,Cash on Delivery,3,2475.68,3.4,7427.04,2025-12
ORD1747,2025-08-04,Home & Kitchen,East,Net Banking,5,1438.99,3.9,7194.95,2025-08
ORD1287,2025-04-19,Sports,South,Cash on Delivery,5,1560.66,4.3,7803.3,2025-04
ORD1748,2025-09-25,Clothing,South,Cash on Delivery,4,939.94,4.2,3759.76,2025-09
ORD1427,2025-04-15,Beauty,North,Credit Card,5,851.9,5.0,4259.5,2025-04
ORD1608,2025-12-04,Clothing,West,Cash on Delivery,5,1604.2,4.4,8021.0,2025-12
ORD1913,2025-06-26,Clothing,North,Debit Card,5,1120.78,3.8,5603.9,2025-06
ORD1812,2025-07-07,Beauty,East,Net Banking,3,902.68,4.5,2708.04,2025-07
ORD1824,2025-02-09,Home & Kitchen,North,Cash on Delivery,5,2169.35,2.7,10846.75,2025-02
ORD1506,2025-03-02,Clothing,East,Net Banking,3,1688.22,5.0,5064.66,2025-03
ORD1356,2025-02-18,Books,West,Credit Card,1,369.7,4.0,369.7,2025-02
ORD1399,2025-11-28,Clothing,South,UPI,5,1671.0,3.7,8355.0,2025-11
ORD1941,2025-08-23,Home & Kitchen,South,Net Banking,1,2850.33,4.0,2850.33,2025-08
ORD1352,2025-05-05,Electronics,South,UPI,2,3918.48,4.3,7836.96,2025-05
ORD2131,2025-01-29,Clothing,East,Cash on Delivery,1,1930.43,4.4,1930.43,2025-01
ORD1989,2025-05-13,Books,West,Cash on Delivery,2,446.1,3.5,892.2,2025-05
ORD1698,2025-03-11,Home & Kitchen,North,Credit Card,4,2957.9,4.3,11831.6,2025-03
ORD2084,2025-07-13,Clothing,South,UPI,2,1225.145,4.6,2450.29,2025-07
ORD1667,2025-10-09,Home & Kitchen,West,Debit Card,3,3425.28,3.8,10275.84,2025-10
ORD1260,2025-12-28,Clothing,Unknown,Cash on Delivery,3,850.55,3.2,2551.65,2025-12
ORD2029,2025-01-18,Clothing,South,Net Banking,2,1438.64,4.1,2877.28,2025-01
ORD1333,2025-03-18,Sports,North,UPI,2,1760.12,4.6,3520.24,2025-03
ORD1153,2025-05-17,Electronics,South,UPI,1,10729.85,3.3,10729.85,2025-05
ORD1396,2025-07-24,Electronics,East,Debit Card,4,4133.63,4.6,16534.52,2025-07
ORD1787,2025-08-19,Home & Kitchen,Unknown,Debit Card,3,2121.59,3.5,6364.77,2025-08
ORD1501,2025-05-18,Beauty,East,Cash on Delivery,2,968.5,4.0,1937.0,2025-05
ORD2152,2025-10-28,Clothing,North,Net Banking,5,1515.16,4.5,7575.8,2025-10
ORD1373,2025-04-20,Beauty,South,Debit Card,3,1143.19,3.6,3429.57,2025-04
ORD1590,2025-03-23,Beauty,West,Credit Card,3,1064.9,4.1,3194.7,2025-03
ORD1312,2025-06-06,Sports,South,UPI,2,1804.94,2.8,3609.88,2025-06
ORD1598,2025-05-09,Beauty,East,UPI,4,1194.07,4.4,4776.28,2025-05
ORD1042,2025-05-11,Beauty,North,Net Banking,1,817.14,5.0,817.14,2025-05
ORD1645,2025-06-06,Clothing,South,Net Banking,1,1321.01,3.8,1321.01,2025-06
ORD1028,2025-03-07,Clothing,East,Net Banking,2,1003.56,3.6,2007.12,2025-03
ORD1522,2025-10-11,Electronics,North,Cash on Delivery,5,10071.07,3.3,50355.35,2025-10
ORD1971,2025-02-15,Sports,South,Debit Card,5,829.1,5.0,4145.5,2025-02
ORD1762,2025-09-30,Books,West,Debit Card,4,393.73,4.9,1574.92,2025-09
ORD2041,2025-04-26,Books,West,Cash on Delivery,1,557.25,3.6,557.25,2025-04
ORD1140,2025-04-07,Clothing,East,UPI,1,858.17,5.0,858.17,2025-04
ORD2123,2025-12-14,Home & Kitchen,West,Net Banking,1,2091.08,3.7,2091.08,2025-12
ORD1704,2025-09-04,Electronics,North,UPI,3,11343.67,4.4,34031.01,2025-09
ORD2027,2025-06-28,Clothing,North,Credit Card,5,1246.64,4.1,6233.2,2025-06
ORD1935,2025-02-17,Electronics,South,Debit Card,1,8659.34,4.6,8659.34,2025-02
ORD2022,2025-12-22,Clothing,South,Net Banking,3,1109.5,3.8,3328.5,2025-12
ORD1912,2025-09-01,Clothing,West,Credit Card,3,999.85,4.3,2999.55,2025-09
ORD1888,2025-06-05,Electronics,North,Cash on Delivery,7,8105.58,4.0,56739.06,2025-06
ORD1136,2025-01-19,Clothing,East,Net Banking,5,1163.19,4.8,5815.95,2025-01
ORD1955,2025-11-04,Clothing,East,Net Banking,5,1197.41,4.4,5987.05,2025-11
ORD1978,2025-09-20,Sports,East,UPI,2,1775.54,5.0,3551.08,2025-09
ORD1782,2025-04-02,Home & Kitchen,North,Cash on Delivery,2,2229.93,5.0,4459.86,2025-04
ORD1445,2025-06-27,Sports,North,Cash on Delivery,4,1780.9,4.0,7123.6,2025-06
ORD1669,2025-10-02,Home & Kitchen,West,Cash on Delivery,1,2508.505,3.9,2508.5,2025-10
ORD1743,2025-12-31,Beauty,North,Cash on Delivery,2,814.4,4.5,1628.8,2025-12
ORD1272,2025-03-28,Home & Kitchen,North,Credit Card,1,3348.83,4.2,3348.83,2025-03
ORD2157,2025-10-01,Books,East,Credit Card,3,473.14,3.1,1419.42,2025-10
ORD1519,2025-06-20,Beauty,South,Credit Card,2,997.93,3.3,1995.86,2025-06
ORD1814,2025-02-07,Beauty,East,Credit Card,4,799.32,4.0,3197.28,2025-02
ORD1818,2025-12-07,Beauty,North,Debit Card,3,1230.69,4.6,3692.07,2025-12
ORD1377,2025-10-01,Electronics,East,Cash on Delivery,2,13144.96,4.4,26289.92,2025-10
ORD1734,2025-10-21,Beauty,South,Cash on Delivery,3,631.83,4.0,1895.49,2025-10
ORD1498,2025-06-13,Sports,South,Debit Card,5,1902.22,4.3,9511.1,2025-06
ORD1614,2025-07-30,Sports,West,Credit Card,4,2709.95,3.3,10839.8,2025-07
ORD2158,2025-12-02,Electronics,North,UPI,3,7395.48,3.9,22186.44,2025-12
ORD2117,2025-12-17,Clothing,North,Debit Card,3,1016.82,3.8,3050.46,2025-12
ORD2078,2025-04-09,Electronics,North,Credit Card,2,12423.68,4.0,24847.36,2025-04
ORD1898,2025-02-18,Home & Kitchen,West,Credit Card,1,2887.23,3.4,2887.23,2025-02
ORD1676,2025-04-19,Sports,South,UPI,3,1334.65,3.4,4003.95,2025-04
ORD1940,2025-07-11,Home & Kitchen,West,Debit Card,2,3571.45,4.3,7142.9,2025-07
ORD1097,2025-06-03,Electronics,North,Cash on Delivery,5,9665.41,2.8,48327.05,2025-06
ORD1662,2025-12-11,Clothing,North,Cash on Delivery,4,751.0,5.0,3004.0,2025-12
ORD1128,2025-11-24,Electronics,West,UPI,4,9597.13,3.3,38388.52,2025-11
ORD2094,2025-03-15,Clothing,North,Credit Card,3,1238.71,3.7,3716.13,2025-03
ORD1622,2025-06-24,Clothing,West,Debit Card,1,620.22,5.0,620.22,2025-06
ORD1379,2025-03-02,Beauty,North,Debit Card,2,1176.61,2.9,2353.22,2025-03
ORD2020,2025-01-04,Beauty,East,Cash on Delivery,4,866.99,4.0,3467.96,2025-01
ORD1203,2025-11-03,Electronics,West,Credit Card,3,10640.96,4.6,31922.88,2025-11
ORD1343,2025-05-31,Home & Kitchen,West,Credit Card,3,2853.22,4.2,8559.66,2025-05
ORD2053,2025-05-13,Books,East,Net Banking,2,535.63,4.0,1071.26,2025-05
ORD1654,2025-02-10,Clothing,West,Cash on Delivery,5,844.87,2.6,4224.35,2025-02
ORD2144,2025-07-08,Home & Kitchen,South,Debit Card,1,2460.01,3.6,2460.01,2025-07
ORD1518,2025-07-28,Electronics,North,Debit Card,4,8923.38,4.1,35693.52,2025-07
ORD1779,2025-01-27,Clothing,North,UPI,3,1112.19,4.3,3336.57,2025-01
ORD1234,2025-12-19,Electronics,West,Debit Card,3,8876.68,5.0,26630.04,2025-12
ORD1488,2025-02-04,Beauty,West,Cash on Delivery,5,968.28,4.1,4841.4,2025-02
ORD1237,2025-10-26,Electronics,North,Net Banking,2,12457.42,4.0,24914.84,2025-10
ORD1549,2025-02-21,Clothing,North,Net Banking,3,1301.09,2.9,3903.27,2025-02
ORD1400,2025-12-23,Home & Kitchen,South,Debit Card,1,3199.62,4.0,3199.62,2025-12
ORD1570,2025-12-09,Clothing,East,Cash on Delivery,4,1123.45,2.8,4493.8,2025-12
ORD1232,2025-03-14,Books,South,Cash on Delivery,1,492.41,5.0,492.41,2025-03
ORD1794,2025-07-23,Electronics,North,UPI,3,11929.99,3.5,35789.97,2025-07
ORD1682,2025-08-06,Clothing,South,Cash on Delivery,5,1390.41,4.2,6952.05,2025-08
ORD1442,2025-07-26,Electronics,East,Debit Card,3,10250.41,3.7,30751.23,2025-07
ORD2155,2025-04-02,Electronics,North,Credit Card,2,7190.24,3.2,14380.48,2025-04
ORD1718,2025-08-01,Electronics,North,Net Banking,1,8332.69,4.0,8332.69,2025-08
ORD1796,2025-03-17,Home & Kitchen,South,UPI,3,2665.82,3.9,7997.46,2025-03
ORD1098,2025-09-18,Electronics,South,Credit Card,4,8903.42,4.0,35613.68,2025-09
ORD1514,2025-05-18,Electronics,West,Debit Card,2,8296.25,3.9,16592.5,2025-05
ORD1511,2025-05-23,Books,West,Credit Card,5,219.97,5.0,1099.85,2025-05
ORD1217,2025-08-14,Clothing,West,Net Banking,3,1225.145,4.0,3675.44,2025-08
ORD1360,2025-08-11,Clothing,East,Credit Card,1,1861.96,4.3,1861.96,2025-08
ORD1558,2025-08-29,Electronics,East,Cash on Delivery,3,8822.02,5.0,26466.06,2025-08
ORD1499,2025-06-09,Sports,West,Debit Card,1,2139.69,3.7,2139.69,2025-06
ORD2198,2025-09-02,Home & Kitchen,East,Debit Card,5,1075.82,4.0,5379.1,2025-09
ORD1225,2025-02-19,Electronics,East,Credit Card,2,5178.87,4.8,10357.74,2025-02
ORD1018,2025-07-19,Home & Kitchen,North,Cash on Delivery,2,2648.58,2.8,5297.16,2025-07
ORD1168,2025-08-02,Clothing,North,Credit Card,4,1312.32,4.0,5249.28,2025-08
ORD2075,2025-09-06,Beauty,North,Net Banking,5,718.99,5.0,3594.95,2025-09
ORD1292,2025-02-02,Electronics,North,Debit Card,1,12586.26,4.1,12586.26,2025-02
ORD2139,2025-02-07,Clothing,North,Cash on Delivery,2,1337.95,4.9,2675.9,2025-02
ORD1917,2025-08-31,Home & Kitchen,South,Cash on Delivery,1,1821.73,4.6,1821.73,2025-08
ORD1397,2025-05-23,Books,South,Debit Card,7,618.98,4.5,4332.86,2025-05
ORD2057,2025-11-17,Beauty,North,Credit Card,3,666.74,4.9,2000.22,2025-11
ORD2081,2025-01-26,Clothing,West,Cash on Delivery,3,1182.73,3.3,3548.19,2025-01
ORD1540,2025-04-29,Clothing,North,Net Banking,4,845.82,4.8,3383.28,2025-04
ORD1328,2025-10-14,Electronics,West,Cash on Delivery,2,14231.060000000001,3.4,28462.12,2025-10
ORD1795,2025-12-20,Electronics,North,Debit Card,3,5773.31,3.8,17319.93,2025-12
ORD1848,2025-10-18,Sports,South,Cash on Delivery,3,1486.5,4.2,4459.5,2025-10
ORD1302,2025-09-02,Home & Kitchen,East,Credit Card,1,2559.65,3.2,2559.65,2025-09
ORD2180,2025-02-23,Beauty,North,Cash on Delivery,5,1439.41,4.2,7197.05,2025-02
ORD1938,2025-09-10,Sports,South,UPI,5,1960.71,3.3,9803.55,2025-09
ORD1093,2025-09-22,Sports,East,Cash on Delivery,4,1891.52,4.0,7566.08,2025-09
ORD1213,2025-05-21,Clothing,South,Debit Card,3,1655.04,4.2,4965.12,2025-05
ORD1770,2025-09-06,Home & Kitchen,West,UPI,5,2513.25,3.8,12566.25,2025-09
ORD1337,2025-04-29,Clothing,North,Credit Card,4,1363.6,4.8,5454.4,2025-04
ORD1425,2025-01-30,Clothing,North,Cash on Delivery,1,1264.86,4.1,1264.86,2025-01
ORD1803,2025-04-27,Beauty,North,Debit Card,4,812.62,3.4,3250.48,2025-04
ORD1212,2025-05-19,Clothing,South,UPI,3,2088.97375,2.6,6266.92,2025-05
ORD1618,2025-06-23,Home & Kitchen,North,Cash on Delivery,5,2532.28,4.2,12661.4,2025-06
ORD1115,2025-11-08,Sports,East,Cash on Delivery,4,1478.76,4.7,5915.04,2025-11
ORD1158,2025-04-14,Books,West,Credit Card,4,431.31,3.9,1725.24,2025-04
ORD1112,2025-07-22,Electronics,South,Credit Card,1,9747.93,3.3,9747.93,2025-07
ORD1036,2025-04-25,Clothing,South,Credit Card,3,1361.43,3.9,4084.29,2025-04
ORD1105,2025-09-28,Sports,East,Cash on Delivery,4,1437.03,4.6,5748.12,2025-09
ORD1362,2025-04-21,Electronics,East,UPI,1,9178.08,3.9,9178.08,2025-04
ORD1850,2025-07-11,Electronics,South,Debit Card,5,8498.67,3.7,42493.35,2025-07
ORD1716,2025-01-07,Electronics,North,Net Banking,3,9344.12,3.5,28032.36,2025-01
ORD1756,2025-12-03,Sports,West,Debit Card,1,1522.36,4.0,1522.36,2025-12
ORD1733,2025-12-17,Electronics,North,Credit Card,2,7559.74,4.4,15119.48,2025-12
ORD1758,2025-08-30,Electronics,South,UPI,1,9589.26,4.0,9589.26,2025-08
ORD1365,2025-02-14,Books,West,Debit Card,1,487.41,4.5,487.41,2025-02
ORD2014,2025-04-24,Home & Kitchen,North,Credit Card,2,2399.15,4.1,4798.3,2025-04
ORD1441,2025-07-25,Clothing,South,UPI,2,930.75,3.8,1861.5,2025-07
ORD2035,2025-09-18,Books,East,Cash on Delivery,1,596.81,3.8,596.81,2025-09
ORD1565,2025-01-24,Clothing,East,Credit Card,4,1429.23,4.6,5716.92,2025-01
ORD1351,2025-10-28,Electronics,Unknown,Cash on Delivery,2,7944.18,3.5,15888.36,2025-10
ORD1490,2025-12-05,Books,North,Cash on Delivery,3,458.84,4.6,1376.52,2025-12
ORD1249,2025-07-14,Beauty,East,Credit Card,4,593.94,2.6,2375.76,2025-07
ORD1476,2025-07-16,Electronics,South,Credit Card,3,7365.68,3.6,22097.04,2025-07
ORD1634,2025-07-26,Sports,South,UPI,4,1634.99,4.7,6539.96,2025-07
ORD2102,2025-06-25,Beauty,South,Debit Card,2,936.69,3.6,1873.38,2025-06
ORD1406,2025-04-15,Home & Kitchen,East,Cash on Delivery,4,4248.580000000001,3.3,16994.32,2025-04
ORD2141,2025-10-31,Clothing,South,Cash on Delivery,5,1735.54,3.5,8677.7,2025-10
ORD1164,2025-03-18,Sports,West,Cash on Delivery,4,1780.9,3.2,7123.6,2025-03
ORD1781,2025-03-10,Home & Kitchen,East,Debit Card,1,2848.37,4.0,2848.37,2025-03
ORD1454,2025-06-22,Beauty,North,Debit Card,4,1124.02,2.8,4496.08,2025-06
ORD2112,2025-03-18,Home & Kitchen,West,UPI,3,3288.46,4.9,9865.38,2025-03
ORD2124,2025-04-11,Sports,South,Net Banking,2,1718.45,4.2,3436.9,2025-04
ORD2166,2025-01-26,Home & Kitchen,South,UPI,1,2601.5,3.2,2601.5,2025-01
ORD1083,2025-05-21,Home & Kitchen,West,Debit Card,2,1967.79,4.5,3935.58,2025-05
ORD1230,2025-01-02,Electronics,Unknown,Cash on Delivery,5,9249.33,4.4,46246.65,2025-01
ORD1295,2025-10-19,Beauty,South,UPI,1,1232.41,3.0,1232.41,2025-10
ORD1652,2025-10-27,Home & Kitchen,North,Debit Card,1,2869.44,2.9,2869.44,2025-10
ORD1070,2025-12-20,Clothing,West,Debit Card,1,1424.83,4.2,1424.83,2025-12
ORD1643,2025-10-31,Books,North,UPI,5,331.26,4.0,1656.3,2025-10
ORD1820,2025-06-07,Clothing,West,Cash on Delivery,2,715.66,4.0,1431.32,2025-06
ORD1610,2025-05-08,Electronics,South,Debit Card,5,11598.61,4.6,57993.05,2025-05
ORD1993,2025-01-27,Beauty,West,Debit Card,5,666.68,3.6,3333.4,2025-01
ORD1064,2025-07-18,Sports,North,UPI,3,1594.04,5.0,4782.12,2025-07
ORD2148,2025-09-17,Sports,East,Net Banking,5,1244.47,4.9,6222.35,2025-09
ORD2188,2025-05-23,Home & Kitchen,South,Cash on Delivery,3,3423.65,3.4,10270.95,2025-05
ORD1852,2025-08-01,Clothing,Unknown,Credit Card,5,412.75,3.9,2063.75,2025-08
ORD1969,2025-11-04,Electronics,South,UPI,1,8693.970000000001,4.0,8693.97,2025-11
ORD2136,2025-11-24,Clothing,North,UPI,3,1052.94,4.6,3158.82,2025-11
ORD1127,2025-03-26,Electronics,East,UPI,2,11023.92,2.5,22047.84,2025-03
ORD1338,2025-04-09,Beauty,South,Cash on Delivery,4,879.4,5.0,3517.6,2025-04
ORD1001,2025-07-02,Beauty,West,UPI,1,708.07,4.6,708.07,2025-07
ORD1980,2025-02-20,Beauty,South,UPI,3,887.41,4.4,2662.23,2025-02
ORD1539,2025-01-06,Electronics,North,Credit Card,4,6963.12,4.0,27852.48,2025-01
ORD1601,2025-04-22,Books,East,Cash on Delivery,3,366.45,4.8,1099.35,2025-04
ORD1308,2025-02-09,Clothing,East,Cash on Delivery,5,1479.79,3.8,7398.95,2025-02
ORD1585,2025-03-26,Beauty,North,Cash on Delivery,3,953.17,3.8,2859.51,2025-03
ORD1965,2025-10-28,Home & Kitchen,West,Cash on Delivery,4,2911.82,4.2,11647.28,2025-10
ORD2105,2025-10-10,Beauty,East,UPI,3,1141.18,4.2,3423.54,2025-10
ORD1410,2025-12-02,Electronics,North,Debit Card,1,12977.13,4.0,12977.13,2025-12
ORD1171,2025-05-27,Home & Kitchen,West,Debit Card,3,2462.95,3.7,7388.85,2025-05
ORD1417,2025-05-26,Clothing,East,Net Banking,2,1067.85,4.5,2135.7,2025-05
ORD1738,2025-09-24,Electronics,East,Debit Card,1,6904.77,3.7,6904.77,2025-09
ORD1837,2025-12-24,Beauty,South,Credit Card,3,929.83,4.6,2789.49,2025-12
ORD2079,2025-10-08,Electronics,South,UPI,5,8693.970000000001,4.0,43469.85,2025-10
ORD2028,2025-05-07,Home & Kitchen,North,Debit Card,1,2902.5,4.0,2902.5,2025-05
ORD1603,2025-03-28,Electronics,North,Cash on Delivery,4,5830.88,5.0,23323.52,2025-03
ORD1806,2025-07-13,Clothing,South,Net Banking,4,1351.58,4.0,5406.32,2025-07
ORD1882,2025-02-23,Electronics,East,Debit Card,5,5975.08,3.8,29875.4,2025-02
ORD1460,2025-10-15,Home & Kitchen,South,UPI,1,3149.61,4.1,3149.61,2025-10
ORD1043,2025-02-26,Clothing,North,Net Banking,5,1330.43,3.9,6652.15,2025-02
ORD1637,2025-12-09,Clothing,Unknown,UPI,3,1290.91,3.9,3872.73,2025-12
ORD1423,2025-03-28,Books,South,UPI,4,445.69,4.8,1782.76,2025-03
ORD1727,2025-01-18,Electronics,West,Debit Card,3,7561.06,3.3,22683.18,2025-01
ORD1967,2025-02-24,Clothing,South,Cash on Delivery,2,1503.84,4.1,3007.68,2025-02
ORD1972,2025-01-29,Sports,South,UPI,1,2003.51,2.6,2003.51,2025-01
ORD1922,2025-10-24,Electronics,North,UPI,5,9186.79,4.0,45933.95,2025-10
ORD1315,2025-03-25,Electronics,West,Credit Card,1,5531.46,3.1,5531.46,2025-03
ORD1376,2025-08-04,Beauty,Unknown,Cash on Delivery,4,919.35,3.1,3677.4,2025-08
ORD1524,2025-03-05,Electronics,East,Debit Card,5,7104.97,4.5,35524.85,2025-03
ORD1332,2025-04-14,Sports,North,Debit Card,5,1511.78,3.8,7558.9,2025-04
ORD1438,2025-12-03,Beauty,South,Cash on Delivery,5,1217.29,4.5,6086.45,2025-12
ORD2063,2025-02-14,Electronics,West,UPI,3,8239.31,4.6,24717.93,2025-02
ORD1150,2025-04-25,Home & Kitchen,North,Debit Card,2,2361.9,4.0,4723.8,2025-04
ORD1037,2025-11-03,Books,North,UPI,3,469.86,4.1,1409.58,2025-11
ORD1556,2025-09-09,Clothing,East,Net Banking,3,1521.98,3.2,4565.94,2025-09
ORD1925,2025-12-10,Books,East,Credit Card,2,241.2,4.5,482.4,2025-12
ORD2116,2025-04-17,Books,South,Net Banking,1,377.21,4.3,377.21,2025-04
ORD1981,2025-08-23,Home & Kitchen,North,UPI,5,3204.13,3.6,16020.65,2025-08
ORD1954,2025-12-11,Sports,West,Net Banking,3,2103.31,4.0,6309.93,2025-12
ORD1724,2025-06-05,Home & Kitchen,North,Net Banking,3,2746.62,4.3,8239.86,2025-06
ORD1821,2025-01-24,Clothing,East,Debit Card,1,1256.24,2.8,1256.24,2025-01
ORD1409,2025-05-16,Clothing,South,Net Banking,5,641.64,5.0,3208.2,2025-05
ORD1143,2025-07-03,Electronics,West,Cash on Delivery,5,6599.51,5.0,32997.55,2025-07
ORD1717,2025-11-16,Books,North,Cash on Delivery,5,341.89,5.0,1709.45,2025-11
ORD1526,2025-01-10,Books,South,Net Banking,3,358.54,5.0,1075.62,2025-01
ORD1583,2025-12-07,Clothing,East,Net Banking,3,1531.8,3.7,4595.4,2025-12
ORD1975,2025-04-28,Beauty,North,Credit Card,5,703.71,3.3,3518.55,2025-04
ORD1566,2025-05-09,Clothing,East,Credit Card,3,1253.28,4.0,3759.84,2025-05
ORD1942,2025-07-18,Beauty,East,Credit Card,1,769.68,5.0,769.68,2025-07
ORD1208,2025-09-10,Electronics,West,Net Banking,4,11242.45,4.6,44969.8,2025-09
ORD1856,2025-09-16,Electronics,South,Cash on Delivery,4,8493.63,4.0,33974.52,2025-09
ORD1440,2025-10-06,Books,South,UPI,3,566.81,5.0,1700.43,2025-10
ORD1131,2025-05-20,Clothing,North,Net Banking,1,664.92,3.6,664.92,2025-05
ORD1380,2025-08-14,Clothing,South,Cash on Delivery,1,725.35,4.0,725.35,2025-08
ORD1174,2025-04-13,Sports,North,Net Banking,2,1648.43,4.3,3296.86,2025-04
ORD1533,2025-06-20,Sports,North,Cash on Delivery,5,1390.95,3.9,6954.75,2025-06
ORD1703,2025-08-09,Clothing,West,Debit Card,1,1636.36,3.3,1636.36,2025-08
ORD1270,2025-02-19,Home & Kitchen,West,UPI,4,2044.01,4.0,8176.04,2025-02
ORD1407,2025-07-22,Electronics,South,Net Banking,3,3459.08,4.0,10377.24,2025-07
ORD2040,2025-07-02,Home & Kitchen,Unknown,Debit Card,2,2414.7,5.0,4829.4,2025-07
ORD1123,2025-07-21,Home & Kitchen,South,Credit Card,2,2928.59,3.2,5857.18,2025-07
ORD1138,2025-02-24,Sports,East,Debit Card,4,1240.11,4.2,4960.44,2025-02
ORD1879,2025-05-19,Books,South,Net Banking,1,475.76,4.0,475.76,2025-05
ORD1732,2025-05-10,Clothing,North,UPI,4,2088.97375,4.1,8355.9,2025-05
ORD1624,2025-08-30,Sports,West,Debit Card,5,1920.5,4.0,9602.5,2025-08
ORD1784,2025-04-17,Sports,East,Credit Card,1,1781.14,4.7,1781.14,2025-04
ORD1182,2025-06-15,Beauty,North,Cash on Delivery,1,658.81,4.0,658.81,2025-06
ORD1617,2025-03-19,Clothing,Unknown,Credit Card,4,1005.78,2.8,4023.12,2025-03
ORD1690,2025-11-19,Electronics,South,Debit Card,3,11508.82,3.3,34526.46,2025-11
ORD1240,2025-02-16,Beauty,East,Cash on Delivery,5,1183.71,3.3,5918.55,2025-02
ORD1458,2025-10-25,Books,South,Credit Card,4,495.03,4.2,1980.12,2025-10
ORD1681,2025-11-13,Beauty,East,Debit Card,4,981.41,2.8,3925.64,2025-11
ORD1465,2025-03-15,Sports,North,Net Banking,1,1724.95,3.2,1724.95,2025-03
ORD1145,2025-05-21,Clothing,South,Debit Card,4,1455.39,4.8,5821.56,2025-05
ORD1206,2025-12-06,Clothing,North,UPI,2,1289.25,3.6,2578.5,2025-12
ORD2068,2025-05-11,Sports,South,Credit Card,3,2245.84,2.7,6737.52,2025-05
ORD1324,2025-01-23,Books,East,Cash on Delivery,1,140.41499999999996,1.6,140.41,2025-01
ORD1657,2025-12-28,Clothing,North,Cash on Delivery,5,1225.145,5.0,6125.72,2025-12
ORD2126,2025-08-02,Electronics,East,Debit Card,1,8704.12,2.7,8704.12,2025-08
ORD1714,2025-06-12,Beauty,South,Cash on Delivery,5,911.48,5.0,4557.4,2025-06
ORD2137,2025-02-04,Electronics,North,Net Banking,4,8891.54,3.2,35566.16,2025-02
ORD1079,2025-12-02,Clothing,North,Net Banking,3,864.78,3.8,2594.34,2025-12
ORD2122,2025-08-30,Beauty,South,Cash on Delivery,2,988.31,3.9,1976.62,2025-08
ORD1687,2025-05-01,Clothing,South,Net Banking,2,1083.79,4.6,2167.58,2025-05
ORD1166,2025-02-25,Electronics,North,Cash on Delivery,4,8974.13,3.2,35896.52,2025-02
ORD1229,2025-07-18,Books,West,Cash on Delivery,1,367.62,3.9,367.62,2025-07
ORD2184,2025-03-07,Sports,North,UPI,3,1675.19,4.6,5025.57,2025-03
ORD2091,2025-02-10,Electronics,Unknown,Credit Card,1,10165.16,4.5,10165.16,2025-02
ORD1740,2025-01-07,Books,North,Credit Card,5,429.84,4.6,2149.2,2025-01
ORD1100,2025-08-26,Beauty,North,UPI,4,635.26,4.2,2541.04,2025-08
ORD1290,2025-12-21,Electronics,West,Net Banking,5,3664.06,3.9,18320.3,2025-12
ORD1444,2025-02-01,Clothing,West,UPI,5,1263.44,3.9,6317.2,2025-02
ORD1878,2025-03-01,Home & Kitchen,East,Cash on Delivery,4,2081.85,4.0,8327.4,2025-03
ORD1739,2025-08-05,Clothing,West,Cash on Delivery,1,1301.7,3.5,1301.7,2025-08
ORD1391,2025-02-05,Electronics,West,Net Banking,1,11408.67,4.4,11408.67,2025-02
ORD1086,2025-07-03,Electronics,East,Cash on Delivery,1,3383.38,4.0,3383.38,2025-07
ORD1666,2025-06-08,Clothing,West,Cash on Delivery,4,1529.76,4.2,6119.04,2025-06
ORD2108,2025-06-06,Home & Kitchen,North,UPI,3,1525.99,4.5,4577.97,2025-06
ORD1475,2025-01-07,Books,North,Cash on Delivery,4,234.5,2.9,938.0,2025-01
ORD1044,2025-10-31,Electronics,North,Cash on Delivery,1,8993.36,4.4,8993.36,2025-10
ORD1788,2025-10-30,Books,East,Net Banking,3,356.02,3.4,1068.06,2025-10
ORD2002,2025-03-28,Electronics,North,Net Banking,1,8693.970000000001,4.0,8693.97,2025-03
ORD1024,2025-05-13,Clothing,Unknown,Net Banking,3,1157.76,4.0,3473.28,2025-05
ORD1832,2025-09-24,Sports,East,Cash on Delivery,3,2153.28,3.6,6459.84,2025-09
ORD1591,2025-08-07,Electronics,South,Net Banking,3,8693.970000000001,5.0,26081.91,2025-08
ORD1973,2025-03-16,Home & Kitchen,North,Credit Card,4,2864.7,4.4,11458.8,2025-03
ORD2056,2025-05-18,Electronics,East,Net Banking,2,8287.83,3.9,16575.66,2025-05
ORD1222,2025-09-24,Beauty,South,Debit Card,3,376.13499999999976,5.0,1128.4,2025-09
ORD2052,2025-05-21,Beauty,South,Cash on Delivery,3,1130.87,4.0,3392.61,2025-05
ORD1722,2025-11-22,Sports,North,Cash on Delivery,3,1931.32,3.6,5793.96,2025-11
ORD1055,2025-07-10,Home & Kitchen,North,Cash on Delivery,4,2956.73,3.9,11826.92,2025-07
ORD1253,2025-09-16,Electronics,South,Debit Card,2,14231.060000000001,3.1,28462.12,2025-09
ORD2072,2025-05-13,Clothing,East,UPI,7,1969.35,4.0,13785.45,2025-05
ORD1642,2025-06-20,Electronics,South,Debit Card,4,7703.57,2.8,30814.28,2025-06
ORD1545,2025-02-18,Books,West,Net Banking,3,242.54,3.5,727.62,2025-02
ORD1477,2025-05-01,Electronics,East,Debit Card,2,10291.75,4.2,20583.5,2025-05
ORD1949,2025-11-28,Sports,West,Cash on Delivery,1,2560.42,4.5,2560.42,2025-11
ORD1843,2025-02-12,Clothing,West,Cash on Delivery,2,1496.72,4.0,2993.44,2025-02
ORD1063,2025-06-04,Clothing,West,Credit Card,4,1452.55,5.0,5810.2,2025-06
ORD1413,2025-08-23,Books,West,Cash on Delivery,3,340.69,4.7,1022.07,2025-08
ORD1384,2025-12-14,Beauty,South,Cash on Delivery,5,993.68,4.5,4968.4,2025-12
ORD1974,2025-05-22,Beauty,West,Debit Card,3,734.4,4.3,2203.2,2025-05
ORD1884,2025-09-12,Sports,West,Debit Card,2,1478.7,5.0,2957.4,2025-09
ORD1451,2025-04-23,Clothing,North,Debit Card,4,1073.23,3.7,4292.92,2025-04
ORD1656,2025-06-04,Sports,South,Net Banking,2,1224.58,3.7,2449.16,2025-06
ORD1369,2025-08-03,Electronics,North,Credit Card,4,13007.43,2.5,52029.72,2025-08
ORD1689,2025-03-01,Home & Kitchen,South,UPI,5,2453.27,2.2,12266.35,2025-03
ORD1219,2025-12-27,Electronics,West,Net Banking,2,8450.63,4.7,16901.26,2025-12
ORD2153,2025-01-16,Electronics,West,Credit Card,4,6887.16,4.0,27548.64,2025-01
ORD1021,2025-12-28,Electronics,East,Cash on Delivery,1,6531.03,2.9,6531.03,2025-12
ORD1760,2025-01-13,Beauty,North,Net Banking,3,663.66,3.7,1990.98,2025-01
ORD1869,2025-02-03,Home & Kitchen,North,UPI,1,2799.9,4.2,2799.9,2025-02
ORD1420,2025-10-22,Home & Kitchen,West,Credit Card,2,2437.31,4.1,4874.62,2025-10
ORD1199,2025-06-19,Home & Kitchen,East,Debit Card,5,3626.09,3.7,18130.45,2025-06
ORD1450,2025-12-03,Books,North,UPI,3,429.76,3.2,1289.28,2025-12
ORD2019,2025-12-03,Electronics,West,Credit Card,4,10680.11,4.9,42720.44,2025-12
ORD1911,2025-06-20,Clothing,North,Cash on Delivery,3,1469.21,3.7,4407.63,2025-06
ORD1696,2025-03-26,Electronics,East,Credit Card,4,8563.4,4.0,34253.6,2025-03
ORD1811,2025-08-19,Home & Kitchen,West,Cash on Delivery,4,4248.580000000001,4.3,16994.32,2025-08
ORD1910,2025-04-24,Clothing,West,Debit Card,2,1734.57,4.2,3469.14,2025-04
ORD2049,2025-07-03,Clothing,East,Net Banking,5,802.1,4.4,4010.5,2025-07
ORD1505,2025-03-14,Beauty,East,Net Banking,7,1220.02,5.0,8540.14,2025-03
ORD1405,2025-06-25,Home & Kitchen,South,Net Banking,3,2223.81,4.0,6671.43,2025-06
ORD1317,2025-02-21,Home & Kitchen,North,Net Banking,2,2148.87,3.0,4297.74,2025-02
ORD1183,2025-06-14,Electronics,West,Cash on Delivery,1,8012.75,3.3,8012.75,2025-06
ORD2142,2025-06-03,Clothing,East,Debit Card,4,966.55,4.4,3866.2,2025-06
ORD1609,2025-09-23,Electronics,East,Credit Card,1,7286.34,5.0,7286.34,2025-09
ORD1626,2025-09-09,Beauty,West,UPI,2,862.73,3.0,1725.46,2025-09
ORD1485,2025-09-20,Sports,East,UPI,2,2488.19,4.5,4976.38,2025-09
ORD1278,2025-02-28,Beauty,East,Net Banking,4,1013.19,3.6,4052.76,2025-02
ORD1630,2025-04-04,Electronics,East,Cash on Delivery,4,9979.88,4.7,39919.52,2025-04
ORD1020,2025-03-10,Electronics,South,Cash on Delivery,1,11388.27,4.3,11388.27,2025-03
ORD1170,2025-11-23,Books,South,Cash on Delivery,4,437.65,4.0,1750.6,2025-11
ORD1901,2025-01-01,Electronics,North,Debit Card,5,10112.95,2.5,50564.75,2025-01
ORD2039,2025-12-30,Beauty,South,Cash on Delivery,2,1100.68,4.6,2201.36,2025-12
ORD1176,2025-07-09,Clothing,East,Credit Card,2,1556.29,3.6,3112.58,2025-07
ORD1327,2025-08-05,Clothing,North,Debit Card,2,1078.92,5.0,2157.84,2025-08
ORD1706,2025-07-01,Beauty,East,Cash on Delivery,3,1013.32,4.5,3039.96,2025-07
ORD1470,2025-05-19,Clothing,South,Cash on Delivery,1,1060.86,4.0,1060.86,2025-05
ORD2135,2025-05-19,Electronics,East,Cash on Delivery,3,6831.22,2.9,20493.66,2025-05
ORD1266,2025-09-13,Books,South,Credit Card,3,271.45,3.8,814.35,2025-09
ORD1615,2025-08-03,Beauty,East,UPI,5,1167.89,3.9,5839.45,2025-08
ORD1130,2025-04-19,Beauty,South,UPI,4,999.57,4.5,3998.28,2025-04
ORD1865,2025-12-08,Electronics,Unknown,UPI,7,10715.01,4.0,75005.07,2025-12
ORD2179,2025-08-08,Electronics,North,Debit Card,4,8031.49,5.0,32125.96,2025-08
ORD2138,2025-06-10,Books,South,Cash on Delivery,2,234.92,5.0,469.84,2025-06
ORD1489,2025-07-11,Books,East,Credit Card,2,497.43,3.5,994.86,2025-07
ORD1606,2025-04-02,Books,West,Debit Card,4,299.53,5.0,1198.12,2025-04
ORD1416,2025-04-26,Clothing,Unknown,Debit Card,1,822.18,3.9,822.18,2025-04
ORD1152,2025-09-29,Clothing,East,UPI,1,688.8,4.0,688.8,2025-09
ORD1889,2025-06-28,Beauty,West,Credit Card,2,931.62,3.8,1863.24,2025-06
ORD1849,2025-03-07,Clothing,North,Cash on Delivery,5,955.41,4.6,4777.05,2025-03
ORD1279,2025-07-04,Electronics,North,Debit Card,3,8246.77,3.9,24740.31,2025-07
ORD2034,2025-04-25,Clothing,West,Credit Card,2,1032.02,4.2,2064.04,2025-04
ORD1269,2025-03-05,Clothing,East,Credit Card,2,1482.83,3.6,2965.66,2025-03
ORD1096,2025-05-23,Electronics,South,Net Banking,5,8608.68,4.7,43043.4,2025-05
ORD1210,2025-10-21,Electronics,West,Debit Card,3,8683.82,3.4,26051.46,2025-10
ORD1569,2025-11-18,Home & Kitchen,South,Cash on Delivery,1,2803.56,4.0,2803.56,2025-11
ORD2185,2025-05-12,Sports,East,Net Banking,2,1834.24,2.8,3668.48,2025-05
ORD1871,2025-05-27,Clothing,North,Net Banking,4,1025.6,3.9,4102.4,2025-05
ORD1532,2025-07-16,Electronics,South,Credit Card,2,9291.19,3.9,18582.38,2025-07
ORD2182,2025-06-14,Beauty,East,Debit Card,5,1262.17,3.6,6310.85,2025-06
ORD2099,2025-12-02,Books,East,UPI,3,442.31,3.4,1326.93,2025-12
ORD1712,2025-04-27,Sports,South,Debit Card,4,2754.04,3.8,11016.16,2025-04
ORD1077,2025-02-17,Electronics,East,Cash on Delivery,3,12645.9,4.1,37937.7,2025-02
ORD1263,2025-08-18,Clothing,North,Debit Card,1,982.7,3.7,982.7,2025-08
ORD1149,2025-02-02,Home & Kitchen,South,Credit Card,1,1870.07,4.1,1870.07,2025-02
ORD1469,2025-05-09,Home & Kitchen,South,Debit Card,5,2860.44,3.9,14302.2,2025-05
ORD1564,2025-07-16,Electronics,East,Net Banking,1,7902.09,4.4,7902.09,2025-07
ORD1461,2025-09-18,Clothing,North,Cash on Delivery,4,1024.39,3.3,4097.56,2025-09
ORD1896,2025-08-05,Beauty,South,Credit Card,4,687.4,4.7,2749.6,2025-08
ORD1695,2025-09-07,Electronics,West,Cash on Delivery,1,12432.13,4.6,12432.13,2025-09
ORD1928,2025-06-23,Books,East,UPI,3,445.69,3.3,1337.07,2025-06
ORD1586,2025-08-27,Home & Kitchen,West,UPI,2,1678.11,4.4,3356.22,2025-08
ORD1243,2025-10-28,Sports,North,Cash on Delivery,5,1381.95,2.7,6909.75,2025-10
ORD2111,2025-04-02,Electronics,South,Credit Card,2,7536.96,4.0,15073.92,2025-04
ORD1751,2025-02-06,Home & Kitchen,North,Credit Card,4,2736.23,4.7,10944.92,2025-02
ORD1648,2025-05-22,Clothing,South,UPI,3,1456.27,4.2,4368.81,2025-05
ORD1595,2025-03-29,Books,West,Cash on Delivery,5,490.14,4.4,2450.7,2025-03
ORD1313,2025-03-06,Home & Kitchen,North,Credit Card,4,1801.06,4.5,7204.24,2025-03
ORD1933,2025-02-09,Electronics,North,UPI,4,14231.060000000001,3.6,56924.24,2025-02
ORD1155,2025-05-21,Books,North,Debit Card,5,306.34,3.1,1531.7,2025-05
ORD2150,2025-06-09,Books,South,Debit Card,1,533.75,4.3,533.75,2025-06
ORD1999,2025-09-28,Books,West,UPI,5,514.81,4.3,2574.05,2025-09
ORD2046,2025-04-06,Home & Kitchen,North,Net Banking,5,3569.44,3.4,17847.2,2025-04
ORD1025,2025-02-13,Electronics,East,Debit Card,1,7466.6,4.2,7466.6,2025-02
ORD1196,2025-01-23,Electronics,Unknown,Credit Card,1,10689.17,4.8,10689.17,2025-01
ORD2088,2025-01-12,Electronics,South,Cash on Delivery,2,8423.55,1.9,16847.1,2025-01
ORD1015,2025-08-10,Home & Kitchen,South,Debit Card,2,2450.18,2.8,4900.36,2025-08
ORD1883,2025-04-13,Sports,Unknown,UPI,1,1198.84,4.0,1198.84,2025-04
ORD1621,2025-05-17,Home & Kitchen,South,Credit Card,4,1812.15,4.1,7248.6,2025-05
ORD2050,2025-10-13,Beauty,West,Credit Card,4,1090.89,3.4,4363.56,2025-10
ORD2067,2025-12-03,Home & Kitchen,East,Net Banking,3,3112.65,5.0,9337.95,2025-12
ORD1497,2025-07-14,Sports,North,Debit Card,4,1462.17,5.0,5848.68,2025-07
ORD1792,2025-09-17,Home & Kitchen,West,Net Banking,5,2008.12,3.9,10040.6,2025-09
ORD1964,2025-06-22,Sports,North,UPI,2,2070.34,4.0,4140.68,2025-06
ORD1515,2025-10-24,Home & Kitchen,East,Credit Card,1,2192.35,3.7,2192.35,2025-10
ORD2095,2025-08-11,Home & Kitchen,North,Debit Card,4,2327.34,4.1,9309.36,2025-08
ORD1542,2025-06-23,Home & Kitchen,South,Net Banking,1,2285.72,4.0,2285.72,2025-06
ORD1456,2025-07-05,Electronics,West,UPI,4,11473.16,4.4,45892.64,2025-07
ORD1633,2025-02-17,Electronics,East,Debit Card,3,7492.58,3.4,22477.74,2025-02
ORD1431,2025-02-07,Sports,South,Cash on Delivery,4,1580.8,5.0,6323.2,2025-02
ORD1627,2025-09-08,Electronics,Unknown,Cash on Delivery,4,6839.97,4.0,27359.88,2025-09
ORD1728,2025-09-06,Electronics,West,Debit Card,1,7944.48,4.0,7944.48,2025-09
ORD1209,2025-02-01,Electronics,South,Credit Card,2,7274.62,4.5,14549.24,2025-02
ORD1316,2025-07-20,Electronics,West,Cash on Delivery,5,8834.12,4.5,44170.6,2025-07
ORD1513,2025-07-31,Books,West,Debit Card,4,514.33,4.3,2057.32,2025-07
ORD1829,2025-03-16,Beauty,East,Net Banking,4,861.33,4.4,3445.32,2025-03
ORD1319,2025-04-29,Electronics,South,UPI,4,8715.58,4.2,34862.32,2025-04
ORD2031,2025-02-05,Home & Kitchen,West,Net Banking,2,1829.37,4.6,3658.74,2025-02
ORD2110,2025-01-08,Beauty,East,Debit Card,3,841.88,3.5,2525.64,2025-01
ORD1753,2025-06-23,Clothing,Unknown,UPI,2,876.68,4.0,1753.36,2025-06
ORD2001,2025-01-20,Clothing,Unknown,Cash on Delivery,3,1414.99,5.0,4244.97,2025-01
ORD1580,2025-06-19,Home & Kitchen,South,UPI,5,2738.02,5.0,13690.1,2025-06
ORD1562,2025-07-12,Electronics,East,UPI,4,10155.01,4.2,40620.04,2025-07
ORD1398,2025-03-16,Beauty,West,UPI,5,633.33,4.1,3166.65,2025-03
ORD1252,2025-10-02,Beauty,West,Credit Card,4,717.87,2.9,2871.48,2025-10
ORD1907,2025-08-29,Electronics,North,Credit Card,3,10606.8,3.8,31820.4,2025-08
ORD1468,2025-07-10,Sports,South,Debit Card,2,1487.68,5.0,2975.36,2025-07
ORD1914,2025-06-14,Home & Kitchen,South,Debit Card,2,2100.54,4.2,4201.08,2025-06
ORD1357,2025-10-02,Beauty,East,UPI,5,929.83,4.3,4649.15,2025-10
ORD1508,2025-01-05,Books,West,UPI,4,275.87,3.6,1103.48,2025-01
ORD1749,2025-01-18,Beauty,West,UPI,4,1072.2,3.4,4288.8,2025-01
ORD1129,2025-11-28,Clothing,West,UPI,3,1814.63,4.9,5443.89,2025-11
ORD1144,2025-10-21,Sports,North,Debit Card,5,1816.01,3.9,9080.05,2025-10
ORD1960,2025-09-08,Sports,South,Net Banking,3,2250.91,4.3,6752.73,2025-09
ORD1847,2025-12-13,Electronics,West,Credit Card,4,8693.970000000001,4.0,34775.88,2025-12
ORD1715,2025-11-27,Beauty,West,Cash on Delivery,2,1487.6550000000002,5.0,2975.31,2025-11
ORD1905,2025-06-19,Sports,North,Debit Card,5,1884.63,4.1,9423.15,2025-06
ORD2096,2025-12-05,Home & Kitchen,West,UPI,2,4120.97,4.6,8241.94,2025-12
ORD1235,2025-04-13,Sports,South,UPI,3,1725.91,4.1,5177.73,2025-04
ORD2061,2025-04-05,Clothing,East,Cash on Delivery,4,1103.39,4.0,4413.56,2025-04
