OrderID,OrderDate,Category,Region,PaymentMethod,Quantity,UnitPrice,CustomerRating
ORD1686,2025-01-22,Electronics,South,UPI,3,8289.18,3.6
ORD2149,20/12/2025,sports,East,Credit Card,3,1635.33,2.6
ORD1159,03-08-2025,Home and Kitchen,South,Debit Card,1,2503.76,4.9
ORD1915,11-19-2025,Books ,South,Credit Card,1,515.8,2.6
ORD1341,2025-12-26,Home & Kitchen,North,Debit Card,1,3493.89,4.0
ORD1763,2025-06-07,ELECTRONICS,North,,5,11903.34,3.2
ORD1126,2025-12-07,electronics,North,Credit Card,5,8836.0,4.6
ORD1576,03-14-2025,Sports,West,Net Banking,3,2119.35,3.7
ORD1239,29/08/2025,Electronics,East,Debit Card,5,9884.96,4.4
ORD1268,09-24-2025,Books ,North,Debit Card,2,432.78,3.4
ORD1493,20/09/2025,Beauty,East,Net Banking,2,1337.53,5.0
ORD1805,2025-11-29,Beauty,South,Net Banking,4,1069.47,3.2
ORD1283,08-11-2025,Beauty,South,UPI,4,879.9,4.1
ORD1808,10/05/2025,clothing,North,Net Banking,3,1561.7,3.2
ORD1304,07-16-2025,ELECTRONICS,North,Cash on Delivery,3,7860.88,3.7
ORD2080,12-05-2025,electronics,North,Net Banking,3,8768.35,4.1
ORD1807,07-29-2025,Home and Kitchen,East,Debit Card,3,1883.14,4.1
ORD1325,2025-09-16,clothing,East,UPI,1,760.14,4.8
ORD1919,2025-08-14,Home and Kitchen,South,Net Banking,1,3089.35,3.9
ORD1186,30/03/2025,beauty,North,Credit Card,3,765.88,4.6
ORD1822,2025-08-01,clothing,North,Credit Card,2,1470.71,3.4
ORD1107,08-11-2025,sports,North,Cash on Delivery,3,1614.76,3.2
ORD2038,28/08/2025,Electronics,North,Debit Card,4,10161.2,5.0
ORD1867,15/09/2025,sports,East,Cash on Delivery,1,2540.92,4.6
ORD1754,07-09-2025,sports,South,Credit Card,4,1688.9,4.3
ORD1386,2025-04-23,Home and Kitchen,East,Credit Card,2,3190.59,4.4
ORD2160,05/12/2025,home & kitchen,West,UPI,5,3295.26,5.0
ORD2016,07/04/2025,Electronics ,North,Cash on Delivery,1,8931.73,4.2
ORD1464,2025-04-12,home & kitchen,North,UPI,3,1980.3,4.8
ORD1801,10/06/2025,Electronics ,North,Net Banking,101,8391.95,4.2
ORD1347,26/07/2025,Electronics,West,UPI,2,10129.59,4.9
ORD1228,2025-05-14,BEAUTY,East,Debit Card,3,996.25,3.6
ORD1065,2025-01-05,beauty,South,Net Banking,3,721.32,4.4
ORD2064,08-17-2025,Beauty,East,Cash on Delivery,3,1026.76,4.5
ORD1201,2025-03-01,Home & Kitchen,South,Cash on Delivery,2,2760.92,4.7
ORD1133,17/10/2025,Electronics ,North,Cash on Delivery,4,9343.61,3.0
ORD1167,27/01/2025, Sports,South,Debit Card,4,1162.42,4.4
ORD1679,04-25-2025,clothing,East,UPI,3,1549.89,4.2
ORD1800,09-04-2025,Clothing,East,Cash on Delivery,4,1460.57,4.2
ORD2093,2025-01-07,electronics,South,Credit Card,5,10200.89,3.7
ORD1236,03-12-2025,ELECTRONICS,North,UPI,4,6553.88,5.0
ORD1204,2025-01-10,electronics,East,UPI,1,6531.12,
ORD2104,27/04/2025,beauty,East,Credit Card,5,641.87,4.3
ORD1194,15/03/2025,clothing,East,UPI,2,1211.17,4.0
ORD1248,15/09/2025,clothing,East,Cash on Delivery,4,982.62,
ORD2045,09-26-2025,home & kitchen,East,Net Banking,2,2458.26,5.0
ORD1262,07/06/2025,Clothing ,,Net Banking,4,1129.0,
ORD1142,07-14-2025,clothing,East,Credit Card,4,398.15,5.0
ORD1189,08/12/2025,Clothing,West,Cash on Delivery,5,961.62,4.7
ORD1982,25/03/2025,books,North,Net Banking,2,705.67,3.4
ORD1141,11-18-2025,BEAUTY,West,Debit Card,2,423.75,4.0
ORD2004,05-02-2025,Home and Kitchen,North,Credit Card,2,2435.44,4.5
ORD1750,12/08/2025,Clothing ,East,Cash on Delivery,4,782.85,2.8
ORD1876,07-17-2025,clothing,East,Cash on Delivery,2,1504.9,4.6
ORD1857,07/01/2025,Electronics ,North,Debit Card,1,8566.25,3.8
ORD1049,29/10/2025,beauty,East,Cash on Delivery,4,876.72,4.1
ORD1081,13/03/2025,sports,South,Debit Card,4,2278.73,4.0
ORD1831,07-15-2025,Home and Kitchen,South,UPI,5,1198.6,4.0
ORD1584,2025-01-02,home & kitchen,North,,1,1511.68,5.0
ORD2169,10-05-2025,clothing,West,Debit Card,1,980.06,3.3
ORD1833,23/04/2025,Electronics ,West,Credit Card,1,9258.43,5.0
ORD1349,2025-07-12,sports,East,Cash on Delivery,5,2575.06,4.3
ORD1663,2025-05-30,home & kitchen,North,Credit Card,3,2347.43,3.5
ORD1075,15/11/2025,books,South,UPI,4,428.71,4.3
ORD1859,29/09/2025,ELECTRONICS,East,UPI,5,3996.9,3.5
ORD1169,02/10/2025,BEAUTY,East,Debit Card,5,831.91,4.7
ORD1632,02/06/2025,Clothing,East,Net Banking,5,1087.56,
ORD1577,2025-12-29, Sports,North,Cash on Delivery,3,1104.44,2.2
ORD1512,12-09-2025,electronics,North,Debit Card,2,8528.13,2.9
ORD1683,07-24-2025,books,North,Credit Card,3,516.93,4.1
ORD2178,2025-01-10,home & kitchen,East,Net Banking,1,2288.85,3.4
ORD1983,17/08/2025,clothing,East,Net Banking,5,1410.31,3.8
ORD1321,29/07/2025,Home and Kitchen,North,,1,2136.5,4.4
ORD1382,08-20-2025,Clothing ,East,UPI,3,1525.38,
ORD1639,03-22-2025,Home and Kitchen,North,Net Banking,4,3181.54,3.3
ORD1665,2025-11-23,Clothing ,South,Net Banking,1,773.47,
ORD1471,2025-08-03,Clothing ,North,Debit Card,3,1519.79,4.1
ORD1729,07-20-2025,ELECTRONICS,South,Cash on Delivery,3,6964.98,4.0
ORD1735,02-25-2025,clothing,South,UPI,1,1058.72,3.8
ORD1012,16/02/2025,Electronics ,South,Net Banking,2,9967.28,4.1
ORD1809,08-22-2025,BEAUTY,North,Credit Card,4,945.0,5.0
ORD1757,2025-11-04,BEAUTY,North,Cash on Delivery,2,716.17,3.4
ORD1267,2025-09-04,beauty,South,Cash on Delivery,5,615.96,4.8
ORD1890,09-26-2025,Home & Kitchen,East,UPI,4,2439.34,5.0
ORD1428,2025-03-16,electronics,North,Cash on Delivery,3,10800.0,
ORD1655,2025-05-04,Books,West,Cash on Delivery,1,485.44,4.0
ORD1401,2025-11-02,Books ,North,Credit Card,1,437.09,
ORD1939,08-16-2025,BEAUTY,South,Cash on Delivery,3,929.83,4.5
ORD2133,2025-03-22,Clothing ,North,Credit Card,2,1647.99,3.8
ORD1529,10-24-2025,ELECTRONICS,West,UPI,4,9377.39,4.3
ORD1742,05-26-2025,Home and Kitchen,East,Net Banking,4,1672.26,4.3
ORD1108,17/09/2025,beauty,South,Cash on Delivery,5,,3.8
ORD1636,05-17-2025,sports,East,Credit Card,4,1734.83,4.3
ORD1861,2025-11-01,Sports,East,Net Banking,2,2181.53,3.2
ORD1790,2025-10-15,clothing,North,Credit Card,3,1221.15,3.2
ORD1830,09/11/2025,Electronics ,East,Cash on Delivery,1,6683.48,4.5
ORD1216,2025-12-29,BEAUTY,West,Credit Card,3,1033.55,
ORD1793,12-06-2025,sports,South,Net Banking,1,1923.96,4.3
ORD1058,08/07/2025,Home and Kitchen,East,Cash on Delivery,4,2758.68,2.3
ORD1810,15/03/2025,clothing,South,UPI,2,1414.5,3.0
ORD1088,2025-09-17,ELECTRONICS,North,Cash on Delivery,3,9920.19,4.7
ORD1638,09-03-2025,Home & Kitchen,North,Debit Card,5,3079.72,3.6
ORD1970,15/04/2025,Home and Kitchen,South,UPI,4,2594.59,2.6
ORD1453,04/02/2025,Home and Kitchen,North,Credit Card,3,3478.61,2.6
ORD1858,2025-05-05,sports,South,UPI,1,1328.21,3.2
ORD1119,2025-09-27,Home and Kitchen,South,Credit Card,1,1092.64,3.4
ORD1929,04/12/2025,sports,North,UPI,4,2101.78,
ORD2174,12-06-2025, Sports,East,Credit Card,2,1852.0,5.0
ORD1027,2025-12-18,home & kitchen,South,Debit Card,5,3024.06,4.7
ORD1195,08-25-2025,Home & Kitchen,South,UPI,2,2160.52,4.6
ORD1198,2025-12-12,beauty,North,Cash on Delivery,2,818.27,2.8
ORD1702,18/06/2025,sports,,Net Banking,5,971.53,5.0
ORD2007,07/11/2025,ELECTRONICS,West,,3,11102.34,4.7
ORD1593,11/02/2025,sports,West,Net Banking,5,1872.69,3.9
ORD1720,2025-12-31,BEAUTY,East,UPI,5,758.85,3.8
ORD1231,17/10/2025,Home & Kitchen,West,Net Banking,3,2341.27,
ORD1383,2025-02-23,electronics,South,Credit Card,1,9514.92,4.5
ORD1641,2025-03-17,Electronics ,North,,5,7800.04,5.0
ORD2199,10-03-2025,home & kitchen,West,Net Banking,4,3149.46,4.7
ORD1741,08-24-2025,Home & Kitchen,East,Debit Card,3,3607.19,2.2
ORD2163,02-06-2025,Books,,Credit Card,1,466.52,4.9
ORD1258,06-10-2025,Sports,West,Cash on Delivery,5,562.65,3.8
ORD1599,02-23-2025,books,East,Debit Card,2,547.1,4.1
ORD1516,2025-01-23,Electronics ,South,Net Banking,2,11525.06,3.3
ORD1604,2025-07-17,BEAUTY,South,Net Banking,2,1010.39,
ORD1550,2025-07-31,BEAUTY,South,Credit Card,5,889.94,4.8
ORD1135,2025-09-21,beauty,East,Credit Card,4,866.01,
ORD1314,2025-01-04,electronics,East,Net Banking,2,9928.24,3.4
ORD1090,25/06/2025,Clothing,North,Net Banking,4,1277.47,3.7
ORD1181,2025-04-15,Clothing,South,UPI,3,1153.89,
ORD1274,19/08/2025,books,South,Net Banking,2,250.09,3.4
ORD2005,15/09/2025,Electronics,North,Credit Card,5,7981.24,2.7
ORD2189,02/02/2025,electronics,West,Debit Card,4,7224.19,2.8
ORD1080,08-04-2025,Home & Kitchen,North,Credit Card,3,2717.32,3.8
ORD1280,04-16-2025,BEAUTY,West,Cash on Delivery,2,1020.67,3.8
ORD1987,2025-03-23,Electronics ,South,Credit Card,2,10551.35,3.7
ORD1602,2025-09-18,electronics,West,UPI,87,8050.46,4.5
ORD1710,2025-04-05,ELECTRONICS,,,4,10246.62,3.2
ORD1035,2025-06-08,Beauty,East,Credit Card,4,906.89,
ORD1560,2025-02-22, Sports,East,Net Banking,5,,4.1
ORD1766,2025-03-07,Sports,West,Net Banking,2,,4.1
ORD1886,17/08/2025,electronics,West,UPI,4,7914.97,3.8
ORD1395,2025-04-09,Electronics,North,Debit Card,4,14380.8,4.8
ORD1006,10/12/2025,ELECTRONICS,South,Debit Card,2,9882.51,4.4
ORD1579,12/08/2025,BEAUTY,South,Net Banking,3,901.8,4.9
ORD1531,2025-09-03,Clothing,East,Net Banking,4,1791.66,5.0
ORD1047,02-04-2025,Electronics,South,Net Banking,3,6136.13,4.2
ORD2172,2025-01-29,Sports,South,Cash on Delivery,3,2431.78,3.8
ORD2025,12-19-2025,clothing,,Cash on Delivery,1,840.88,3.9
ORD1255,26/03/2025,Beauty,North,Debit Card,2,974.32,4.4
ORD1607,05/11/2025,Electronics ,South,Credit Card,3,12818.72,
ORD1094,09-09-2025,Clothing ,West,Debit Card,3,1288.93,3.9
ORD1707,09-14-2025,sports,West,UPI,3,1464.21,3.6
ORD2090,2025-11-05,clothing,North,Credit Card,2,1139.17,4.3
ORD1481,24/05/2025,Sports,West,UPI,1,2129.32,3.2
ORD1432,12-03-2025,Clothing ,East,Credit Card,2,1167.53,2.3
ORD1459,08/08/2025,Beauty,West,Credit Card,1,883.18,3.9
ORD1408,19/05/2025,Home & Kitchen,North,Credit Card,4,3193.73,3.4
ORD1148,2025-12-23,sports,West,Debit Card,2,2173.96,3.7
ORD1363,2025-04-05,Books ,North,Debit Card,3,369.06,3.2
ORD1008,06-22-2025,Electronics ,North,Cash on Delivery,4,9841.49,3.7
ORD1930,2025-12-24,Clothing,South,Credit Card,5,1772.64,3.2
ORD1390,11/01/2025,Home and Kitchen,South,Debit Card,4,3709.61,5.0
ORD1120,2025-10-16,clothing,North,Net Banking,3,1139.67,3.8
ORD1345,2025-05-17,ELECTRONICS,East,UPI,1,6388.39,4.7
ORD1875,03-07-2025,Books,,Net Banking,1,631.83,3.3
ORD1649,2025-01-24,Electronics ,West,Credit Card,2,8122.12,5.0
ORD1937,2025-02-15, Sports,South,UPI,1,1697.55,3.4
ORD1019,21/02/2025,sports,East,Cash on Delivery,118,,3.8
ORD1087,02/10/2025,beauty,South,Cash on Delivery,4,548.78,4.1
ORD1664,05/06/2025,Clothing ,North,Credit Card,5,1105.16,
ORD1701,27/06/2025,sports,West,Cash on Delivery,1,1937.4,
ORD1393,2025-01-15,Clothing ,South,Cash on Delivery,2,484.98,2.2
ORD1752,2025-07-11,electronics,West,Cash on Delivery,3,6454.75,
ORD1190,2025-04-08, Sports,West,Credit Card,3,1691.8,4.1
ORD1957,2025-07-09,Books ,West,Credit Card,3,279.57,2.7
ORD1872,02-16-2025,Clothing,North,Cash on Delivery,2,695.46,5.0
ORD2026,11-04-2025,Home & Kitchen,East,UPI,1,2164.46,3.8
ORD1101,12-21-2025,Books,West,Credit Card,2,654.9,3.7
ORD1589,2025-11-21,home & kitchen,East,Cash on Delivery,3,2188.16,4.8
ORD2074,07/04/2025,Clothing,East,Cash on Delivery,5,791.33,4.0
ORD2127,2025-06-19,books,East,Net Banking,5,326.94,5.0
ORD1202,08-07-2025, Sports,North,Debit Card,1,1180.63,4.3
ORD1708,08-03-2025,ELECTRONICS,South,Net Banking,5,6830.44,4.1
ORD2070,2025-06-26,Electronics,North,Net Banking,4,9669.31,5.0
ORD1573,2025-05-23,Clothing ,West,Credit Card,4,735.22,3.1
ORD1670,06-10-2025,clothing,South,Debit Card,2,599.16,4.8
ORD1259,31/07/2025,beauty,South,Cash on Delivery,1,861.66,4.5
ORD2042,05-04-2025,clothing,West,Net Banking,2,,
ORD1554,2025-01-09,Clothing ,North,UPI,1,860.4,2.3
ORD1841,08/06/2025,Clothing ,East,Net Banking,1,1001.0,4.2
ORD1521,2025-05-25,Electronics,East,Debit Card,2,10727.06,3.1
ORD2012,2025-06-19,beauty,South,Cash on Delivery,1,1193.53,3.7
ORD2190,12/08/2025,ELECTRONICS,West,Net Banking,4,8918.58,
ORD1311,30/07/2025,clothing,East,Credit Card,3,1226.39,3.8
ORD1041,2025-04-09, Sports,West,Debit Card,3,2758.16,3.1
ORD1286,06-01-2025,Clothing ,West,Cash on Delivery,1,1157.58,3.6
ORD1909,01/12/2025,ELECTRONICS,South,Cash on Delivery,4,7811.66,5.0
ORD1786,01/04/2025,home & kitchen,West,Net Banking,1,1763.88,3.0
ORD1774,2025-05-30,Clothing,East,Cash on Delivery,1,278.09,4.5
ORD1979,08-24-2025,home & kitchen,South,Cash on Delivery,2,3319.02,3.8
ORD1571,08-20-2025,home & kitchen,North,Credit Card,1,2890.76,3.2
ORD1154,01-12-2025,Clothing ,South,Net Banking,3,1230.77,5.0
ORD1948,2025-02-25, Sports,South,UPI,5,2007.52,3.8
ORD1298,04-30-2025,sports,,Credit Card,4,1831.69,
ORD1111,06-30-2025,Books ,East,Cash on Delivery,3,468.49,5.0
ORD1944,10-22-2025,Electronics ,West,Cash on Delivery,3,10337.23,2.7
ORD2015,2025-11-13,Clothing ,North,Debit Card,5,1272.91,3.2
ORD1986,2025-04-25, Sports,East,Credit Card,1,1627.8,4.1
ORD1647,10-24-2025,Home and Kitchen,West,Credit Card,3,3099.25,3.9
ORD1520,02-23-2025,beauty,East,Credit Card,4,,3.3
ORD1996,09-14-2025,Electronics ,North,UPI,5,11222.61,4.9
ORD1336,19/08/2025,Clothing ,East,Debit Card,3,1113.04,3.4
ORD1775,05-04-2025,BEAUTY,West,Net Banking,1,876.92,4.2
ORD1051,04/07/2025,Home & Kitchen,South,Cash on Delivery,2,1541.34,3.7
ORD1692,11-18-2025, Sports,West,Credit Card,4,1791.11,2.6
ORD1613,03-29-2025,sports,North,Credit Card,1,1680.51,3.5
ORD1958,10-04-2025,BEAUTY,West,Cash on Delivery,5,1074.85,3.6
ORD1646,02-05-2025,Sports,East,Credit Card,2,1609.27,3.9
ORD2129,2025-12-01,Home & Kitchen,South,Cash on Delivery,5,,4.6
ORD2023,2025-02-17, Sports,North,Credit Card,4,2759.92,2.9
ORD1163,07/12/2025,Electronics ,West,Cash on Delivery,2,6986.78,3.6
ORD1418,01-19-2025,Sports,West,UPI,1,26060.76793321312,3.3
ORD1730,09-18-2025,BEAUTY,North,UPI,2,975.66,4.3
ORD1078,27/05/2025,Clothing,South,Cash on Delivery,3,1299.92,4.3
ORD1568,2025-06-11,Clothing ,North,Credit Card,3,894.12,4.0
ORD2054,14/05/2025,Clothing ,South,UPI,4,,4.0
ORD2010,2025-01-01,BEAUTY,South,Net Banking,5,1258.86,5.0
ORD1060,10-26-2025,Beauty,East,Cash on Delivery,2,952.4,
ORD1918,16/09/2025,Home & Kitchen,East,UPI,2,3350.56,4.5
ORD1877,2025-04-26,BEAUTY,,Debit Card,5,1363.45,5.0
ORD1968,09-06-2025,Books ,North,Cash on Delivery,1,493.07,2.8
ORD1463,10-02-2025,home & kitchen,East,Net Banking,2,1909.74,5.0
ORD1528,04/04/2025,home & kitchen,East,Debit Card,4,2615.95,4.4
ORD1200,04-05-2025,home & kitchen,South,Cash on Delivery,2,,2.7
ORD1903,13/08/2025,home & kitchen,East,Net Banking,1,,4.3
ORD1188,2025-03-18,Books,South,Debit Card,3,519.09,4.4
ORD2006,12/02/2025,Electronics,West,Credit Card,1,9021.38,2.5
ORD1487,29/09/2025,Clothing,West,Net Banking,1,1318.92,4.7
ORD2024,15/07/2025,Home & Kitchen,West,Debit Card,1,3048.02,4.7
ORD2115,2025-06-09,Home and Kitchen,South,Credit Card,4,25623.55718551781,3.9
ORD1309,09-01-2025,beauty,West,Debit Card,2,1045.03,4.5
ORD1062,05-12-2025,Clothing,East,Credit Card,3,953.32,4.7
ORD1844,26/03/2025, Sports,East,Cash on Delivery,5,2307.04,4.5
ORD1597,2025-05-26,clothing,North,Debit Card,2,1315.42,2.8
ORD1582,08-11-2025,Electronics,East,Net Banking,4,7896.29,5.0
ORD1099,04-14-2025,Home and Kitchen,West,Cash on Delivery,5,993.8,3.8
ORD1581,11-22-2025,Sports,West,Debit Card,5,1646.6,3.0
ORD2191,10/12/2025,electronics,East,UPI,3,7638.01,
ORD1457,2025-08-03,home & kitchen,East,Cash on Delivery,5,3035.76,4.7
ORD1653,11-13-2025,Electronics,West,Debit Card,2,6058.04,3.7
ORD1076,04/04/2025,books,South,UPI,3,570.06,4.9
ORD1211,10-19-2025,ELECTRONICS,South,Debit Card,1,11797.75,3.2
ORD2186,05-21-2025,books,South,UPI,2,4197.751958152152,2.7
ORD1536,18/11/2025,Home and Kitchen,West,Cash on Delivery,2,1757.26,4.6
ORD1310,08-01-2025,Clothing,West,UPI,5,1132.06,
ORD1244,06/02/2025,Home & Kitchen,East,Net Banking,3,652.74,4.9
ORD1866,16/03/2025,Electronics,North,,5,7947.34,3.8
ORD1205,08-26-2025,Electronics,South,UPI,1,8282.41,3.5
ORD2147,10-10-2025,home & kitchen,East,Debit Card,3,2518.59,3.1
ORD2044,25/01/2025,Books ,North,Credit Card,4,458.16,5.0
ORD1220,20/03/2025,Clothing ,North,UPI,4,561.24,4.7
ORD2021,03-24-2025,clothing,South,Cash on Delivery,3,1456.4,4.3
ORD1034,07/10/2025, Sports,North,Debit Card,3,1420.55,3.3
ORD1085,09-15-2025,Clothing,East,Net Banking,1,602.76,5.0
ORD1863,27/04/2025,Home and Kitchen,North,Credit Card,5,2690.42,2.9
ORD1156,11-17-2025,ELECTRONICS,South,Credit Card,3,7177.89,4.9
ORD1956,05-13-2025,clothing,North,Cash on Delivery,4,1076.5,4.6
ORD1672,2025-10-02,clothing,West,UPI,5,886.68,3.2
ORD1674,2025-02-05,clothing,East,Cash on Delivery,3,1432.57,3.8
ORD1559,31/08/2025,Books,South,Credit Card,5,508.05,4.6
ORD2120,25/01/2025,Home & Kitchen,South,UPI,4,2461.85,5.0
ORD1659,04/01/2025,ELECTRONICS,South,Credit Card,3,5496.28,3.2
ORD1772,08/02/2025,books,South,Credit Card,1,490.47,4.6
ORD1430,07-27-2025,books,North,Debit Card,3,521.01,4.3
ORD1541,07-22-2025,Home & Kitchen,East,Cash on Delivery,4,2238.58,4.9
ORD1452,13/01/2025,BEAUTY,,Cash on Delivery,2,1055.49,3.6
ORD1426,27/02/2025,home & kitchen,West,UPI,5,2847.03,3.8
ORD1789,07-20-2025,clothing,East,Credit Card,3,1497.57,3.6
ORD1479,2025-05-28,home & kitchen,West,Cash on Delivery,1,3112.92,3.2
ORD1288,05-05-2025,BEAUTY,North,Cash on Delivery,2,945.82,3.6
ORD2032,2025-01-09,Sports,West,UPI,3,1898.47,
ORD1873,31/05/2025,books,West,UPI,5,633.06,4.0
ORD1619,21/10/2025,home & kitchen,North,UPI,1,2717.46,5.0
ORD1553,20/02/2025,ELECTRONICS,East,UPI,4,6760.69,3.7
ORD2071,01-02-2025,Sports,,Net Banking,5,2239.63,3.8
ORD1823,02/12/2025, Sports,North,Credit Card,2,2716.71,3.8
ORD1473,24/12/2025,books,East,Net Banking,3,526.01,
ORD1134,2025-05-22,Electronics ,North,UPI,5,10400.2,
ORD1548,2025-11-13,home & kitchen,South,UPI,1,1780.25,3.3
ORD1744,30/12/2025,Books ,North,Credit Card,2,594.11,3.3
ORD1355,01-25-2025,Clothing,West,Cash on Delivery,5,,2.6
ORD1010,03/02/2025,Home & Kitchen,West,UPI,4,2866.39,4.6
ORD2083,2025-09-13,Electronics ,North,Credit Card,2,5526.26,4.0
ORD1301,06/12/2025,home & kitchen,South,Credit Card,4,2685.57,4.2
ORD1731,2025-04-16,Clothing ,West,Net Banking,3,1273.78,4.0
ORD1629,2025-07-04,Clothing,North,Debit Card,2,941.8,4.4
ORD1991,15/12/2025,clothing,North,UPI,2,1502.73,4.5
ORD1323,09-19-2025,books,West,UPI,1,466.57,4.3
ORD1443,10-14-2025,Home & Kitchen,East,Debit Card,3,3081.49,5.0
ORD1104,2025-12-14,books,West,Debit Card,1,260.37,3.2
ORD1335,29/04/2025,electronics,North,UPI,2,9538.42,3.6
ORD2119,12/07/2025,Home and Kitchen,South,Net Banking,5,2408.96,4.5
ORD1495,19/01/2025,Beauty,South,Net Banking,3,,3.8
ORD1439,05-24-2025,Beauty,West,,3,1060.42,3.3
ORD2087,12/12/2025,sports,West,Credit Card,5,1081.16,5.0
ORD1625,02-08-2025,home & kitchen,East,Cash on Delivery,1,2446.5,2.9
ORD1998,18/01/2025,ELECTRONICS,West,Debit Card,1,10261.01,5.0
ORD1834,2025-02-17,BEAUTY,North,UPI,5,963.27,3.7
ORD1723,2025-01-14,Home and Kitchen,East,UPI,1,2000.41,4.9
ORD1139,2025-12-09,Electronics,West,Debit Card,3,7429.09,4.2
ORD1404,2025-07-01,sports,South,Cash on Delivery,4,917.62,
ORD1798,05-18-2025,home & kitchen,East,UPI,2,2953.33,4.3
ORD1165,2025-11-17, Sports,North,UPI,5,1684.88,4.7
ORD1226,29/06/2025,Home and Kitchen,North,UPI,1,2963.77,3.1
ORD1916,05-18-2025,BEAUTY,East,Net Banking,2,602.23,4.2
ORD1180,2025-09-13,Beauty,West,Credit Card,3,590.1,4.1
ORD1191,2025-07-06,electronics,,Debit Card,3,6399.17,4.0
ORD1306,04-02-2025,Sports,South,Debit Card,4,935.59,4.0
ORD1350,01-27-2025,Home and Kitchen,North,UPI,4,2479.79,3.8
ORD2151,23/10/2025,Home & Kitchen,East,Net Banking,1,3700.56,4.3
ORD2077,01-24-2025, Sports,East,Cash on Delivery,2,1715.01,4.6
ORD1962,29/06/2025,Home and Kitchen,,Cash on Delivery,4,1471.37,4.2
ORD1891,2025-12-14,Beauty,North,Net Banking,4,1009.61,2.8
ORD1768,2025-02-15,Sports,North,Net Banking,2,1125.5,4.3
ORD2161,2025-08-08,clothing,East,Net Banking,5,1203.43,5.0
ORD1587,25/08/2025,Books,North,Debit Card,5,609.87,2.8
ORD1348,11-27-2025,Clothing ,East,Debit Card,1,1374.93,2.6
ORD1791,08-27-2025,Electronics ,South,Cash on Delivery,4,,4.7
ORD2059,12/07/2025,Sports,North,UPI,1,1679.57,4.8
ORD1242,01/03/2025,ELECTRONICS,South,Credit Card,4,6563.18,4.7
ORD1017,2025-01-29,Beauty,East,Cash on Delivery,3,853.78,3.7
ORD1854,12-24-2025,clothing,East,Debit Card,3,968.65,3.1
ORD1846,10-01-2025,Home and Kitchen,West,Debit Card,1,1524.77,3.5
ORD1874,10-05-2025,Home and Kitchen,East,,1,2095.45,3.5
ORD1631,24/04/2025,Electronics ,East,Debit Card,1,9843.8,4.2
ORD1207,2025-01-19,Beauty,West,Cash on Delivery,1,589.95,2.2
ORD2132,19/06/2025,books,,Net Banking,2,294.29,3.8
ORD1372,31/03/2025,ELECTRONICS,South,Debit Card,4,8042.81,3.6
ORD1544,19/07/2025,clothing,South,Cash on Delivery,4,1562.48,4.8
ORD1503,12/06/2025, Sports,South,Debit Card,5,1853.61,3.4
ORD1612,2025-02-01,electronics,North,Credit Card,3,8782.19,4.7
ORD2036,05-16-2025,ELECTRONICS,North,UPI,4,9432.49,2.9
ORD1403,03-11-2025, Sports,East,UPI,2,2107.82,2.7
ORD1482,2025-05-01,ELECTRONICS,East,Credit Card,4,10573.97,5.0
ORD1340,02/01/2025,Electronics,South,Credit Card,5,9829.56,5.0
ORD1175,10-08-2025,Books ,North,Net Banking,3,212.86,2.3
ORD1994,12-25-2025,ELECTRONICS,North,Credit Card,3,7889.12,4.4
ORD1320,2025-01-17,home & kitchen,West,UPI,5,2839.29,3.4
ORD1778,17/11/2025,beauty,West,Net Banking,3,516.01,3.9
ORD1694,2025-11-26,electronics,East,Net Banking,3,10237.64,3.8
ORD1534,2025-05-14,Home & Kitchen,,Debit Card,1,2335.33,3.4
ORD1375,11/01/2025,electronics,East,Credit Card,1,8523.97,3.5
ORD2060,02-13-2025,Home and Kitchen,North,Credit Card,3,1774.82,3.1
ORD1864,2025-06-30,clothing,North,,2,1522.71,3.2
ORD1370,2025-11-07,Books ,East,UPI,5,436.3,5.0
ORD1988,2025-05-22,clothing,,Cash on Delivery,4,,3.9
ORD1435,2025-09-02,Clothing ,East,Debit Card,2,1340.81,4.5
ORD1870,30/12/2025,Clothing,West,UPI,4,1203.92,3.6
ORD1329,2025-07-17,Books,South,Credit Card,4,204.71,2.6
ORD1424,01/04/2025,Electronics ,East,Cash on Delivery,4,11733.61,4.7
ORD1326,12-05-2025,beauty,South,Cash on Delivery,3,631.71,3.2
ORD1494,17/03/2025,clothing,North,Net Banking,3,1267.29,3.5
ORD1737,01/05/2025,beauty,West,Cash on Delivery,4,1016.8,3.1
ORD2194,2025-12-17,Electronics,South,Net Banking,1,12241.87,5.0
ORD1059,28/06/2025,Books ,North,Cash on Delivery,1,616.04,4.7
ORD1013,2025-05-03,sports,South,UPI,5,1502.13,3.7
ORD2167,08/05/2025,Clothing,West,Net Banking,4,1087.66,
ORD1697,25/01/2025,Home and Kitchen,,Cash on Delivery,4,2119.53,4.8
ORD1422,30/03/2025,ELECTRONICS,South,Net Banking,2,10817.65,3.9
ORD1721,2025-07-08,electronics,West,Debit Card,4,6820.11,2.6
ORD2193,06/07/2025,electronics,North,Credit Card,3,8799.83,4.6
ORD1705,09-24-2025,home & kitchen,West,Net Banking,2,1659.08,4.2
ORD1091,2025-03-12,Electronics,West,Net Banking,1,5172.76,3.6
ORD1535,2025-09-19,electronics,West,Debit Card,2,9937.81,4.3
ORD1322,08-11-2025,Electronics,West,UPI,5,,3.9
ORD1525,2025-09-12,sports,North,Credit Card,5,2273.69,4.0
ORD1331,13/01/2025,Clothing,West,Cash on Delivery,3,892.64,3.0
ORD1650,27/08/2025,Home and Kitchen,West,Credit Card,1,2300.83,2.9
ORD1561,11-12-2025,Sports,West,Cash on Delivery,1,1498.5,4.6
ORD1053,03-15-2025,clothing,East,Net Banking,5,1331.7,3.8
ORD1486,2025-08-28,Home and Kitchen,South,Cash on Delivery,1,1315.6,2.2
ORD1003,01-25-2025,Beauty,East,Credit Card,4,746.79,3.9
ORD2085,10-02-2025, Sports,East,Cash on Delivery,3,1178.29,
ORD1660,11-18-2025,Clothing,South,Credit Card,5,1737.27,4.3
ORD1256,2025-05-14,Clothing ,West,Credit Card,2,1239.7,4.4
ORD1048,03-29-2025,Books ,North,Net Banking,5,501.12,3.6
ORD1594,2025-06-21,clothing,West,Credit Card,2,1353.21,3.5
ORD1446,2025-07-18,Clothing,,Debit Card,5,1562.23,3.8
ORD1215,10-04-2025, Sports,South,Net Banking,2,1598.78,3.9
ORD1835,2025-08-07,clothing,South,UPI,2,775.45,5.0
ORD2009,2025-09-30,Home & Kitchen,East,Debit Card,1,1930.2,2.8
ORD1072,10-24-2025,sports,East,Credit Card,5,1532.52,3.3
ORD1950,11-12-2025,Books,South,Debit Card,4,425.68,4.2
ORD1680,2025-04-25,Sports,,UPI,5,17587.74557225566,4.8
ORD1002,03/02/2025,sports,West,UPI,3,1413.32,3.2
ORD2118,08/04/2025,Sports,West,Debit Card,3,2197.51,4.5
ORD1897,17/01/2025,home & kitchen,,Credit Card,5,2711.84,4.1
ORD1241,04-29-2025,clothing,South,Cash on Delivery,5,1208.41,3.8
ORD1797,21/09/2025,books,South,Credit Card,1,571.4,4.6
ORD1414,07-01-2025,Home & Kitchen,North,Cash on Delivery,4,2980.6,3.6
ORD1151,2025-08-03,Books,West,Cash on Delivery,5,318.15,
ORD2030,21/06/2025,Electronics ,South,Credit Card,2,12860.1,3.4
ORD1693,2025-03-02,Books ,West,Cash on Delivery,1,456.93,3.1
ORD1920,2025-04-17,BEAUTY,South,UPI,2,745.97,
ORD2000,29/10/2025,Home and Kitchen,North,Cash on Delivery,4,2398.67,5.0
ORD1419,2025-07-12,sports,East,Cash on Delivery,4,2142.97,5.0
ORD1651,13/06/2025,Home and Kitchen,North,Cash on Delivery,81,2553.75,3.9
ORD1893,14/08/2025,Clothing ,West,Credit Card,3,1422.19,4.7
ORD1073,2025-07-05,Clothing,East,UPI,5,785.35,3.2
ORD1117,04-04-2025,Clothing ,South,Net Banking,5,1043.6,3.6
ORD2097,01/10/2025,clothing,North,Cash on Delivery,5,678.3,4.0
ORD1900,2025-06-24,clothing,East,Debit Card,1,905.26,4.4
ORD2121,08-22-2025,ELECTRONICS,East,Credit Card,3,10846.39,3.9
ORD1367,2025-05-06,Electronics ,North,UPI,5,6930.95,3.3
ORD1005,28/01/2025,sports,West,UPI,2,1433.8,4.9
ORD2145,04-09-2025,Books ,North,UPI,4,549.43,3.8
ORD1881,2025-05-09,clothing,North,Cash on Delivery,4,848.47,3.8
ORD1817,25/12/2025,sports,North,Cash on Delivery,2,2646.39,4.5
ORD2055,12-02-2025,Electronics,West,UPI,2,8436.2,3.5
ORD1330,10-03-2025, Sports,South,Debit Card,1,2700.43,4.2
ORD1826,04-08-2025,Books,North,UPI,1,316.4,2.9
ORD1011,12-29-2025,electronics,South,Net Banking,2,116209.09988921946,3.1
ORD2051,02/12/2025,Home and Kitchen,South,UPI,2,2590.73,3.9
ORD1990,12/08/2025, Sports,East,Credit Card,3,2447.58,4.8
ORD1699,2025-10-28,electronics,North,Cash on Delivery,2,7853.34,3.2
ORD1264,03-24-2025,Beauty,East,Cash on Delivery,1,1073.59,3.9
ORD2192,2025-12-05,BEAUTY,North,Net Banking,4,609.09,4.9
ORD1056,12-30-2025,Books,West,UPI,3,521.72,3.2
ORD1250,03-23-2025,electronics,,Debit Card,4,3696.62,3.9
ORD2062,05/12/2025,Electronics,South,Credit Card,3,8331.69,4.3
ORD2175,02/08/2025,Sports,East,Cash on Delivery,5,1713.36,3.3
ORD1054,08-07-2025,Sports,South,Credit Card,4,1269.76,3.8
ORD2168,04-02-2025, Sports,North,Cash on Delivery,2,1630.0,3.2
ORD1233,08-14-2025,Beauty,East,UPI,5,1086.55,2.7
ORD1084,26/07/2025,Electronics ,West,Net Banking,1,,3.8
ORD2128,02-03-2025,Home and Kitchen,North,Cash on Delivery,5,1368.47,5.0
ORD1616,10-12-2025,Home and Kitchen,West,Credit Card,3,3335.24,2.9
ORD2092,2025-03-02,electronics,East,UPI,2,8570.65,5.0
ORD1125,11-12-2025,Clothing,West,UPI,1,864.14,4.0
ORD1678,05-02-2025,Electronics,South,Debit Card,3,13257.52,3.8
ORD1187,2025-02-08,Sports,West,Credit Card,5,1769.81,4.4
ORD1530,2025-03-19,Books ,South,Credit Card,1,379.84,3.1
ORD1546,2025-05-03,clothing,South,Net Banking,5,810.6,2.8
ORD1151,2025-08-03,Books,West,Cash on Delivery,5,318.15,
ORD1885,10-02-2025,Home and Kitchen,South,Debit Card,1,1264.2,4.3
ORD1527,2025-04-17,Sports,,Credit Card,1,2136.97,3.9
ORD1388,2025-01-01,ELECTRONICS,East,Net Banking,2,,
ORD1137,11/07/2025,BEAUTY,South,Cash on Delivery,4,656.17,4.3
ORD1759,06-05-2025,Books ,East,UPI,4,445.28,4.2
ORD1172,17/02/2025,Home & Kitchen,North,Net Banking,1,,4.6
ORD1745,09/10/2025,Beauty,,UPI,1,795.51,3.0
ORD1491,14/03/2025,Clothing,East,Net Banking,1,1038.87,4.0
ORD1840,26/05/2025,Home and Kitchen,East,UPI,5,3201.94,4.1
ORD2089,04-23-2025,Home and Kitchen,South,Cash on Delivery,4,3102.92,5.0
ORD1455,01-13-2025,Electronics ,South,Net Banking,1,11234.54,3.0
ORD1223,03-22-2025,Clothing,South,Credit Card,1,1441.37,4.3
ORD1906,2025-10-15,electronics,East,Cash on Delivery,1,5978.8,4.4
ORD1177,13/05/2025,ELECTRONICS,South,Cash on Delivery,5,10595.54,4.6
ORD1661,2025-09-02,Electronics ,South,Credit Card,2,8009.0,5.0
ORD1746,05-21-2025,electronics,South,Cash on Delivery,3,11787.57,
ORD1951,05-30-2025,sports,North,Credit Card,1,1492.62,4.6
ORD1374,07-16-2025,beauty,North,Cash on Delivery,3,1077.84,5.0
ORD2183,01-08-2025,home & kitchen,South,Credit Card,3,1804.79,3.5
ORD1496,22/08/2025,Electronics ,West,Cash on Delivery,1,10744.82,1.8
ORD1755,11-16-2025,sports,West,Net Banking,2,1679.49,4.2
ORD1547,10-22-2025,electronics,East,Debit Card,1,10348.24,4.4
ORD1299,2025-06-08,sports,North,Cash on Delivery,3,1735.07,4.7
ORD1160,2025-03-02,Books,North,Debit Card,3,320.53,4.8
ORD2196,06-18-2025,home & kitchen,West,Net Banking,3,2341.76,4.4
ORD1050,2025-04-02,BEAUTY,South,Cash on Delivery,2,939.72,3.7
ORD1880,01-29-2025, Sports,South,Credit Card,2,2030.13,4.5
ORD1280,04-16-2025,BEAUTY,West,Cash on Delivery,2,1020.67,3.8
ORD1908,04-05-2025,electronics,,Net Banking,2,8377.66,3.9
ORD1032,2025-04-13,ELECTRONICS,North,Debit Card,3,6147.53,4.5
ORD1257,01-22-2025,Clothing ,South,Net Banking,2,1263.09,5.0
ORD1238,2025-05-10,Books ,West,Credit Card,2,413.55,3.6
ORD1836,28/06/2025,ELECTRONICS,West,Net Banking,2,9952.71,5.0
ORD1484,31/05/2025,sports,North,Credit Card,3,2084.79,5.0
ORD1902,31/08/2025,Clothing,West,UPI,2,1003.53,4.0
ORD1480,06-06-2025,Clothing,South,UPI,5,1269.2,4.1
ORD1538,2025-10-23,Home and Kitchen,North,Debit Card,5,1563.73,4.5
ORD1675,03/03/2025,sports,East,Credit Card,1,1520.1,4.4
ORD1578,10-01-2025,home & kitchen,North,UPI,5,1808.85,4.1
ORD1354,09-25-2025,Home and Kitchen,South,Credit Card,4,2621.94,4.1
ORD1946,2025-02-17,electronics,North,UPI,5,11691.99,3.6
ORD1851,2025-07-24,clothing,West,Cash on Delivery,4,1465.02,4.9
ORD1474,04/11/2025,clothing,North,UPI,3,1490.94,3.2
ORD1472,2025-05-31,clothing,South,Debit Card,3,1065.15,3.9
ORD1931,17/11/2025,clothing,East,Credit Card,4,1137.77,4.6
ORD2159,2025-07-12, Sports,North,Net Banking,5,1773.15,4.5
ORD1694,2025-11-26,electronics,East,Net Banking,3,10237.64,3.8
ORD1368,2025-11-10,Home and Kitchen,South,Debit Card,1,2709.4,4.4
ORD1719,05-06-2025,ELECTRONICS,East,Credit Card,2,6271.74,4.2
ORD1509,2025-03-24,Home & Kitchen,East,Cash on Delivery,2,2962.27,3.7
ORD2066,04-07-2025,Clothing,South,Net Banking,3,1231.04,3.1
ORD1623,23/03/2025,Clothing ,North,UPI,4,1223.9,4.4
ORD1899,05/01/2025,beauty,West,,4,1240.23,4.1
ORD1555,03-05-2025,clothing,East,Net Banking,3,1430.58,5.0
ORD1303,2025-08-03,home & kitchen,South,Net Banking,5,1504.99,4.8
ORD1769,2025-03-12,electronics,South,UPI,5,9967.43,4.2
ORD1953,2025-09-06,ELECTRONICS,South,UPI,2,7469.59,4.3
ORD1478,11-19-2025,books,North,Cash on Delivery,1,436.92,5.0
ORD1275,05-24-2025,Electronics ,East,UPI,4,10997.95,4.9
ORD1644,11-03-2025,Electronics ,East,UPI,3,9139.87,1.9
ORD1842,10-01-2025,Books,South,UPI,4,403.94,3.7
ORD1926,30/03/2025,Beauty,East,UPI,1,660.79,3.2
ORD2013,2025-04-01,Clothing,East,Credit Card,2,974.89,
ORD1894,2025-04-05,clothing,East,Credit Card,1,1001.65,4.1
ORD1537,06/07/2025,beauty,West,Debit Card,3,503.71,4.1
ORD1984,07-16-2025,BEAUTY,North,UPI,2,,5.0
ORD1567,07/03/2025,BEAUTY,West,UPI,5,718.71,1.8
ORD1995,04/03/2025,beauty,West,Net Banking,4,939.94,3.0
ORD1934,20/01/2025,Home & Kitchen,South,Credit Card,4,2751.48,2.8
ORD1433,05-18-2025,Beauty,South,Credit Card,3,1088.9,5.0
ORD2195,15/12/2025,ELECTRONICS,South,Cash on Delivery,4,7279.52,4.0
ORD1921,2025-10-03,clothing,North,Debit Card,1,874.04,3.2
ORD2170,03-03-2025,BEAUTY,North,Net Banking,4,911.89,4.5
ORD1985,2025-10-31, Sports,South,Debit Card,3,2146.97,4.2
ORD1492,09-06-2025,Books ,East,UPI,5,511.19,5.0
ORD1385,2025-02-14,electronics,South,Debit Card,5,5784.06,3.6
ORD1281,10-25-2025,electronics,West,UPI,5,10097.57,5.0
ORD1483,2025-07-22,BEAUTY,North,Debit Card,4,1254.46,4.1
ORD1282,2025-03-23,clothing,East,Cash on Delivery,3,1557.42,4.2
ORD1437,10-29-2025,Electronics,West,Debit Card,1,10557.0,4.3
ORD1572,06-22-2025,Books,North,Credit Card,4,661.32,3.9
ORD1575,18/04/2025,Clothing ,West,UPI,5,1319.69,3.4
ORD1780,2025-01-24,Clothing,East,UPI,5,1299.09,5.0
ORD2171,07-15-2025,Electronics ,South,Debit Card,3,5037.02,3.8
ORD2114,2025-05-11,Clothing,North,Cash on Delivery,1,1375.68,2.7
ORD2164,12-24-2025,Clothing,South,UPI,3,1159.14,4.6
ORD1121,2025-06-13,ELECTRONICS,South,Cash on Delivery,1,6426.09,4.4
ORD2146,2025-11-16,Sports,West,Net Banking,3,2642.51,5.0
ORD1016,2025-06-16,electronics,,Debit Card,5,6575.86,5.0
ORD2132,19/06/2025,books,,Net Banking,2,294.29,3.8
ORD2100,09-19-2025,books,West,Debit Card,3,,
ORD1713,06/01/2025,electronics,East,Credit Card,2,7769.99,4.2
ORD1620,2025-07-31,Sports,South,Net Banking,5,1981.1,4.3
ORD1293,05-30-2025,BEAUTY,East,Credit Card,4,908.44,4.0
ORD1862,2025-02-26,ELECTRONICS,North,Net Banking,1,10009.33,3.2
ORD1725,2025-04-20,Beauty,North,Net Banking,3,814.89,5.0
ORD1106,2025-06-11,Electronics ,North,Credit Card,4,7563.61,4.2
ORD1023,17/07/2025,Home and Kitchen,South,UPI,5,1881.54,
ORD1069,27/10/2025, Sports,North,Credit Card,1,2173.28,3.0
ORD1685,20/08/2025,Home & Kitchen,West,Cash on Delivery,4,2406.67,3.5
ORD1892,04-16-2025,beauty,North,Credit Card,1,1011.86,3.2
ORD1855,02/07/2025,Electronics ,South,Cash on Delivery,4,4657.5,5.0
ORD1997,02-08-2025,BEAUTY,North,Cash on Delivery,5,1076.07,4.3
ORD1103,23/03/2025,Books,South,Credit Card,4,593.38,3.5
ORD2048,02-03-2025,ELECTRONICS,East,UPI,5,8987.01,5.0
ORD1815,2025-11-06,clothing,West,Cash on Delivery,3,1061.42,5.0
ORD1895,2025-02-28,Electronics,East,Debit Card,4,5257.55,3.2
ORD2156,07-09-2025,BEAUTY,East,UPI,2,1163.73,2.0
ORD1074,2025-05-16,Electronics,West,UPI,4,10472.63,3.6
ORD1507,24/01/2025,Home and Kitchen,South,Cash on Delivery,1,3956.89,3.7
ORD2165,04-26-2025,Clothing ,South,Credit Card,1,1236.37,3.8
ORD1218,29/03/2025,Home & Kitchen,North,Debit Card,4,1143.37,4.6
ORD2177,11-05-2025,Clothing ,West,Net Banking,2,1712.97,4.8
ORD1773,2025-06-13,clothing,West,Cash on Delivery,2,1393.24,4.3
ORD1265,2025-06-03,Books ,North,Debit Card,4,320.98,3.5
ORD2173,2025-10-19,Clothing ,South,Net Banking,3,795.4,3.4
ORD1966,19/11/2025,Home & Kitchen,North,Net Banking,5,2325.88,
ORD1434,08-02-2025,books,West,Net Banking,5,639.27,3.2
ORD1110,2025-07-14,beauty,West,Cash on Delivery,2,824.1,4.5
ORD1816,08-30-2025,sports,South,UPI,4,1830.23,4.0
ORD1040,16/04/2025,Home and Kitchen,East,Net Banking,5,3881.9,3.3
ORD1726,10-28-2025,beauty,West,UPI,2,807.67,3.4
ORD1276,2025-07-17,Beauty,North,UPI,1,1142.51,3.3
ORD1339,17/10/2025,electronics,South,Net Banking,3,9035.19,4.9
ORD2008,03-06-2025,Electronics,North,Credit Card,4,3669.5,2.6
ORD1711,05/03/2025,home & kitchen,West,UPI,3,1475.38,4.3
ORD1185,23/03/2025,ELECTRONICS,West,Debit Card,2,8734.59,2.9
ORD1761,05/01/2025,Books ,South,Debit Card,1,340.9,
ORD1640,21/02/2025,Home & Kitchen,South,Credit Card,4,,3.2
ORD1860,03/09/2025,Electronics,East,Credit Card,5,12566.8,5.0
ORD1061,02-01-2025,clothing,South,Debit Card,1,1315.02,3.2
ORD1684,22/02/2025, Sports,East,Credit Card,3,1721.81,3.9
ORD1387,2025-08-27,Sports,West,Net Banking,2,2236.95,4.4
ORD1959,30/08/2025,Electronics,North,Net Banking,4,8515.69,4.3
ORD2107,2025-01-22,Home and Kitchen,North,Debit Card,4,1593.64,3.1
ORD1251,2025-05-25,Electronics,West,Net Banking,1,12124.94,4.5
ORD2058,08-21-2025,Electronics,East,Credit Card,1,11796.25,3.3
ORD2197,11-06-2025,Home and Kitchen,West,Credit Card,5,2756.59,
ORD1307,2025-09-22,sports,West,Debit Card,5,911.77,4.0
ORD1193,06-15-2025,Electronics,West,Debit Card,5,7940.97,5.0
ORD1502,2025-11-29,Clothing,West,Credit Card,4,1809.42,4.8
ORD1033,2025-03-05,books,East,UPI,1,487.98,4.1
ORD1828,2025-12-09,ELECTRONICS,East,Debit Card,4,7164.82,
ORD1057,17/02/2025,Clothing ,East,,1,1293.6,
ORD1673,10-26-2025,Electronics,West,Cash on Delivery,2,12114.18,4.2
ORD1358,07/11/2025,ELECTRONICS,South,UPI,2,9539.94,4.1
ORD1045,09-26-2025, Sports,South,Net Banking,2,1823.92,3.4
ORD1932,2025-09-22,Beauty,North,Cash on Delivery,2,1062.73,3.6
ORD1853,2025-02-07,Sports,North,Net Banking,3,2169.27,4.0
ORD1596,2025-10-09,Electronics,East,Net Banking,2,6954.34,3.8
ORD1068,2025-10-23,Electronics,North,UPI,1,8918.15,3.7
ORD1318,09/10/2025,Books ,South,UPI,2,653.5,2.7
ORD1291,2025-10-30,Books,West,Cash on Delivery,5,390.55,2.9
ORD1046,23/08/2025,electronics,North,Net Banking,2,12947.98,4.3
ORD1277,02-08-2025,sports,North,Credit Card,4,2288.03,4.8
ORD2134,22/04/2025,books,North,Credit Card,2,393.95,3.8
ORD1297,2025-04-01,sports,West,Credit Card,2,1545.46,4.5
ORD1224,04/07/2025,Clothing ,West,Credit Card,1,1312.81,5.0
ORD1628,06-29-2025,Electronics,East,Credit Card,4,7908.71,4.5
ORD1785,2025-03-24,clothing,West,Debit Card,2,1436.13,3.2
ORD1364,26/01/2025,Beauty,North,UPI,3,885.71,
ORD1783,2025-08-21,Clothing,South,UPI,5,1697.67,3.2
ORD1366,04/04/2025,home & kitchen,North,Cash on Delivery,1,3313.22,4.5
ORD1000,2025-03-15,beauty,South,UPI,5,1111.63,3.0
ORD1066,2025-09-07,beauty,North,Debit Card,5,912.23,4.4
ORD1709,2025-12-07,Clothing,East,Cash on Delivery,1,1315.3,3.7
ORD1031,2025-01-12,sports,South,Credit Card,5,1184.33,5.0
ORD1813,11-29-2025,Electronics ,North,Debit Card,3,8295.55,3.3
ORD1294,03/03/2025,Home and Kitchen,East,UPI,3,3071.64,3.8
ORD1113,12-18-2025, Sports,,UPI,3,1038.62,3.3
ORD1245,20/09/2025,Clothing ,North,Cash on Delivery,3,1631.61,4.2
ORD1415,12/10/2025,ELECTRONICS,West,Cash on Delivery,5,7627.62,4.8
ORD1161,27/01/2025,Electronics,West,Credit Card,2,9542.88,4.2
ORD1411,09/11/2025,Clothing ,North,Debit Card,2,894.51,3.8
ORD1904,2025-08-19,sports,North,Credit Card,1,2296.11,4.6
ORD1767,2025-12-17,home & kitchen,South,UPI,2,2617.94,5.0
ORD1700,09-29-2025,Home and Kitchen,North,Net Banking,3,2455.43,3.5
ORD2143,03-02-2025,Sports,South,Cash on Delivery,3,1793.04,4.6
ORD1961,2025-05-15,home & kitchen,East,Net Banking,4,2152.98,4.0
ORD1247,03-12-2025, Sports,,Net Banking,3,1748.61,4.1
ORD2128,02-03-2025,Home and Kitchen,North,Cash on Delivery,5,1368.47,5.0
ORD2125,2025-08-19,Books ,South,Net Banking,4,422.92,3.2
ORD1092,11-03-2025,Home and Kitchen,South,Credit Card,1,1445.96,
ORD1381,29/03/2025, Sports,West,Debit Card,4,2103.82,4.8
ORD1114,11-22-2025,clothing,West,Debit Card,2,715.3,3.6
ORD2181,01-11-2025,Sports,East,Debit Card,3,2449.91,4.4
ORD1254,02-09-2025,electronics,South,Debit Card,4,6056.07,3.1
ORD1429,2025-11-12,Clothing ,West,Cash on Delivery,5,1147.51,3.3
ORD1588,07-15-2025,Home & Kitchen,South,Credit Card,4,1681.82,2.3
ORD1178,11/06/2025,Beauty,South,Net Banking,3,1057.18,3.4
ORD1947,12-30-2025,Beauty,North,Debit Card,1,857.84,4.1
ORD1389,07-18-2025,Beauty,North,Debit Card,1,789.7,1.8
ORD1132,02-15-2025, Sports,East,Debit Card,4,2411.65,5.0
ORD2162,10-22-2025,ELECTRONICS,North,UPI,4,5748.2,4.1
ORD2154,2025-10-20,BEAUTY,South,Net Banking,4,658.19,4.0
ORD1868,27/12/2025,Electronics ,South,Credit Card,2,8863.89,3.7
ORD1289,14/02/2025,sports,East,Net Banking,3,2656.31,4.2
ORD1246,2025-09-19,Books,South,UPI,5,383.26,4.4
ORD1552,09-28-2025,BEAUTY,South,Net Banking,3,1262.68,4.3
ORD1089,2025-08-26,Books ,East,Debit Card,5,600.28,5.0
ORD1192,09-30-2025,Clothing ,West,Credit Card,1,1118.95,3.9
ORD2047,07/04/2025,home & kitchen,South,Net Banking,4,2522.78,2.4
ORD1668,14/07/2025,Electronics,South,Cash on Delivery,2,11128.73,5.0
ORD1436,09/03/2025,Home and Kitchen,West,UPI,4,2738.29,3.2
ORD1765,12-03-2025,Home & Kitchen,North,Cash on Delivery,5,2400.24,2.6
ORD1671,2025-03-09,home & kitchen,South,Cash on Delivery,5,3337.66,3.6
ORD1146,13/05/2025,books,South,Credit Card,1,453.5,4.0
ORD1118,05/06/2025,beauty,North,Credit Card,3,1237.13,3.7
ORD2176,04-17-2025,Clothing,East,Cash on Delivery,2,1240.88,5.0
ORD1777,03/03/2025,beauty,South,Debit Card,4,933.46,3.8
ORD1845,2025-11-10,Electronics ,East,Cash on Delivery,5,5442.6,4.3
ORD1923,08-06-2025,BEAUTY,South,Credit Card,1,1161.39,2.7
ORD1927,2025-05-31,Clothing,East,UPI,3,1311.53,3.8
ORD1026,2025-12-22, Sports,West,Debit Card,1,1575.32,3.2
ORD1014,2025-12-09, Sports,South,Cash on Delivery,1,1805.62,4.4
ORD1500,2025-06-01,sports,South,Credit Card,3,2039.05,4.1
ORD1082,02-16-2025,Clothing ,East,Net Banking,4,1227.46,4.0
ORD1819,2025-07-31,home & kitchen,West,Net Banking,4,3302.4,2.9
ORD2033,08-19-2025,Beauty,North,UPI,1,1122.99,4.8
ORD2098,2025-03-05,Electronics,North,Debit Card,1,8042.22,3.7
ORD1600,2025-02-22,Home and Kitchen,West,Debit Card,4,2333.5,5.0
ORD1273,2025-02-13,books,West,Cash on Delivery,2,421.61,4.1
ORD1825,08/08/2025,Clothing ,North,Debit Card,2,938.89,3.3
ORD1466,07/10/2025,electronics,North,UPI,3,8741.98,3.0
ORD2130,07-06-2025,sports,West,Net Banking,5,24076.859316895578,2.7
ORD2073,28/08/2025,beauty,North,Debit Card,5,937.05,2.6
ORD2140,12/10/2025,Electronics ,East,UPI,5,10451.06,3.7
ORD1447,09-24-2025,BEAUTY,East,Cash on Delivery,3,880.22,3.2
ORD1371,2025-07-18,home & kitchen,,Net Banking,1,1875.53,4.1
ORD1557,2025-07-12,sports,North,Debit Card,3,2049.28,4.5
ORD1271,02-01-2025,Clothing,West,Credit Card,2,879.72,4.9
ORD1605,2025-07-15,ELECTRONICS,,Net Banking,3,8404.36,2.5
ORD1449,2025-12-17,Clothing,North,Net Banking,1,1585.98,4.0
ORD2109,05-20-2025,BEAUTY,South,Credit Card,75,893.15,1.7
ORD1523,2025-03-26,Electronics,East,Credit Card,4,7086.74,3.4
ORD1214,2025-07-14,home & kitchen,South,Net Banking,2,33506.22864895094,3.6
ORD1344,2025-03-14,Home and Kitchen,West,Debit Card,1,2912.18,4.1
ORD2069,10-07-2025,Books ,West,Cash on Delivery,3,592.29,
ORD1147,2025-09-23,electronics,East,Credit Card,2,9916.47,2.8
ORD1412,10/03/2025,beauty,North,Net Banking,4,678.8,4.8
ORD2101,14/12/2025,BEAUTY,South,Cash on Delivery,4,1001.53,5.0
ORD1342,12-27-2025,ELECTRONICS,South,Credit Card,5,8531.2,4.1
ORD1173,12-10-2025,Electronics ,South,Net Banking,1,7435.92,3.2
ORD1838,03-18-2025,ELECTRONICS,North,Net Banking,2,7938.11,3.9
ORD2043,2025-11-10,sports,West,Credit Card,2,1052.61,3.2
ORD1305,27/05/2025,Home and Kitchen,North,Credit Card,5,2223.12,4.4
ORD1543,19/02/2025,Electronics,North,Net Banking,4,8369.28,3.2
ORD1764,23/06/2025,Home and Kitchen,South,,2,2394.16,3.4
ORD2003,2025-10-30, Sports,South,Debit Card,1,1690.88,
ORD1887,04-15-2025,books,East,Debit Card,3,680.04,3.8
ORD1285,09/08/2025,electronics,North,Net Banking,4,7357.15,3.5
ORD1221,12-18-2025,Books ,West,Net Banking,1,341.4,2.3
ORD1736,14/04/2025,Electronics ,South,Cash on Delivery,2,7469.8,4.3
ORD1022,06-20-2025,Home & Kitchen,North,Credit Card,5,1865.26,4.7
ORD1924,12-14-2025,sports,East,UPI,2,1710.15,
ORD1116,04-02-2025,electronics,West,Credit Card,2,9392.9,3.9
ORD1936,10-18-2025,clothing,South,Net Banking,2,958.18,3.9
ORD1361,07-01-2025,BEAUTY,South,Cash on Delivery,5,814.94,3.4
ORD1095,01/08/2025,Books,East,Credit Card,5,310.0,3.6
ORD1992,03/02/2025, Sports,West,UPI,5,2150.83,4.9
ORD1261,02-13-2025,Beauty,West,Cash on Delivery,5,1241.18,4.7
ORD1952,2025-03-13,Electronics ,,Debit Card,4,8567.1,5.0
ORD1827,30/12/2025,Home & Kitchen,North,Net Banking,1,3085.61,4.4
ORD1799,10-14-2025,Clothing ,North,Net Banking,3,1327.93,4.9
ORD1179,12-08-2025,clothing,West,Net Banking,5,913.31,3.0
ORD1102,11-16-2025,electronics,North,UPI,4,7393.75,4.2
ORD1574,20/06/2025,Books ,South,UPI,3,515.68,3.3
ORD1563,2025-05-15,Books,West,,5,420.61,4.0
ORD1184,04-16-2025,Electronics,South,UPI,4,7253.51,4.2
ORD1467,11-17-2025,Books ,South,Cash on Delivery,4,548.1,2.7
ORD2017,10-07-2025,BEAUTY,South,Cash on Delivery,5,228.19,3.2
ORD1976,13/06/2025,ELECTRONICS,West,Debit Card,1,13623.89,3.5
ORD1071,2025-02-11, Sports,West,UPI,1,1453.75,3.9
ORD2037,2025-01-25,beauty,North,Credit Card,1,1349.65,4.8
ORD1802,13/02/2025,Clothing,South,Credit Card,2,1297.46,
ORD1346,02-06-2025,Clothing,East,UPI,3,786.26,4.5
ORD1839,2025-05-18,Sports,South,Debit Card,2,1788.62,
ORD2113,2025-05-24,Books,North,Net Banking,3,370.67,5.0
ORD1029,11-05-2025,Clothing ,West,Credit Card,5,1673.73,3.9
ORD2011,03-15-2025,home & kitchen,North,UPI,2,2575.65,4.4
ORD1039,04-02-2025,BEAUTY,North,Cash on Delivery,1,735.96,2.3
ORD1504,2025-06-28, Sports,West,Cash on Delivery,2,1759.62,3.8
ORD1157,2025-05-02,BEAUTY,South,UPI,3,1206.77,3.7
ORD1658,08/09/2025,ELECTRONICS,North,Net Banking,1,8619.3,3.7
ORD1635,2025-06-09,Clothing ,East,Net Banking,1,1010.46,4.6
ORD2086,25/03/2025,Home and Kitchen,East,Debit Card,4,2094.78,4.7
ORD1394,2025-02-05,home & kitchen,North,UPI,4,1936.18,4.2
ORD1052,09-02-2025,Clothing,East,Debit Card,2,,5.0
ORD1109,04/09/2025,clothing,West,Net Banking,1,1373.87,2.8
ORD1359,28/09/2025,Clothing ,West,Net Banking,3,1366.54,3.4
ORD1943,05-07-2025,ELECTRONICS,West,Cash on Delivery,5,6856.96,5.0
ORD1402,04-06-2025,Sports,North,Credit Card,4,1819.18,3.8
ORD1421,20/11/2025,clothing,South,Net Banking,2,1268.94,4.7
ORD1448,23/07/2025,home & kitchen,West,Debit Card,2,2178.98,5.0
ORD1677,07-29-2025,ELECTRONICS,North,UPI,1,7977.84,3.0
ORD1284,18/04/2025,Clothing,West,Debit Card,2,1496.56,3.4
ORD1592,08-17-2025,Clothing ,East,Credit Card,1,1130.57,3.8
ORD1227,2025-03-31,Books,South,Debit Card,5,659.19,4.5
ORD1353,05-09-2025,Electronics,North,Debit Card,4,10672.62,3.9
ORD1009,06-10-2025,home & kitchen,East,Credit Card,1,3434.34,4.8
ORD2018,20/07/2025,Clothing ,South,Net Banking,3,707.78,4.6
ORD1030,30/05/2025,home & kitchen,South,Credit Card,4,2243.17,4.3
ORD1474,04/11/2025,clothing,North,UPI,3,1490.94,3.2
ORD1691,07/05/2025,Books,South,Cash on Delivery,4,392.63,4.7
ORD1963,07-04-2025,clothing,North,Debit Card,2,1086.08,3.2
ORD1776,2025-09-24,home & kitchen,West,,4,1938.74,3.6
ORD1334,22/04/2025,Home & Kitchen,South,UPI,1,3560.37,4.6
ORD1462,03-23-2025,clothing,West,Cash on Delivery,1,849.12,5.0
ORD1007,03-29-2025,beauty,West,Net Banking,2,949.2,4.2
ORD1517,15/02/2025,Home & Kitchen,North,Cash on Delivery,4,1788.55,3.6
ORD1197,03-09-2025,Electronics ,East,Credit Card,3,8735.05,5.0
ORD1296,2025-03-17,sports,West,Net Banking,1,1941.22,4.7
ORD1392,08/05/2025, Sports,South,Net Banking,3,2805.47,4.3
ORD1804,2025-07-21,books,South,Cash on Delivery,4,419.55,3.9
ORD2187,2025-04-21,Electronics,South,Net Banking,2,5408.88,3.7
ORD1945,04-27-2025,ELECTRONICS,East,UPI,4,9361.14,3.3
ORD2065,01-04-2025,Clothing,North,Debit Card,4,1569.84,4.1
ORD1510,19/06/2025,BEAUTY,West,UPI,2,772.49,4.8
ORD1977,28/10/2025,beauty,North,Cash on Delivery,1,790.4,3.9
ORD1122,06-01-2025,Clothing,South,Credit Card,1,1410.5,4.0
ORD1688,05/09/2025,Home & Kitchen,North,UPI,5,3164.69,3.5
ORD1378,2025-09-10,Electronics ,South,Cash on Delivery,4,6537.61,4.0
ORD1038,09-27-2025,Clothing,West,Credit Card,3,944.03,
ORD2076,2025-03-16,Beauty,North,Cash on Delivery,1,902.01,3.3
ORD2106,2025-06-25,beauty,,Credit Card,2,1185.99,3.8
ORD1771,2025-06-14,beauty,West,Credit Card,1,1123.87,3.4
ORD1162,10-26-2025,home & kitchen,North,Net Banking,5,2739.3,2.6
ORD1067,2025-08-16,ELECTRONICS,West,Credit Card,4,8793.76,4.2
ORD1124,11-12-2025,Clothing,South,UPI,2,751.01,5.0
ORD1551,10/03/2025,Clothing ,North,Credit Card,2,1693.29,3.7
ORD1004,2025-07-19,BEAUTY,North,Debit Card,3,8962.858277975956,4.3
ORD2082,2025-05-11,Home & Kitchen,East,Net Banking,2,3796.53,2.8
ORD2103,06/02/2025,electronics,South,Net Banking,5,7114.69,4.3
ORD1300,19/06/2025,Home and Kitchen,East,Cash on Delivery,2,2305.63,4.1
ORD1611,28/12/2025,home & kitchen,North,Cash on Delivery,3,2475.68,3.4
ORD1747,2025-08-04,Home and Kitchen,East,Net Banking,5,1438.99,3.9
ORD1287,2025-04-19,sports,South,,5,1560.66,4.3
ORD1748,2025-09-25,Clothing ,South,Cash on Delivery,4,939.94,4.2
ORD1427,04-15-2025,BEAUTY,North,Credit Card,5,851.9,5.0
ORD1608,04/12/2025,Clothing ,West,Cash on Delivery,5,1604.2,4.4
ORD1913,2025-06-26,clothing,North,Debit Card,5,1120.78,3.8
ORD1812,2025-07-07,Beauty,East,Net Banking,3,902.68,4.5
ORD1824,02-09-2025,home & kitchen,North,Cash on Delivery,5,2169.35,2.7
ORD1506,03-02-2025,Clothing,East,Net Banking,3,1688.22,5.0
ORD1356,2025-02-18,books,West,Credit Card,1,369.7,
ORD1399,11-28-2025,Clothing ,South,UPI,5,1671.0,3.7
ORD1941,2025-08-23,Home and Kitchen,South,Net Banking,1,2850.33,
ORD1352,2025-05-05,Electronics ,South,UPI,2,3918.48,4.3
ORD2131,29/01/2025,Clothing,East,Cash on Delivery,1,1930.43,4.4
ORD1989,13/05/2025,Books,West,Cash on Delivery,2,446.1,3.5
ORD1698,03-11-2025,Home & Kitchen,North,Credit Card,4,2957.9,4.3
ORD2084,07-13-2025,Clothing,South,UPI,2,,4.6
ORD1667,09/10/2025,home & kitchen,West,Debit Card,3,3425.28,3.8
ORD1260,2025-12-28,clothing,,Cash on Delivery,3,850.55,3.2
ORD2029,2025-01-18,clothing,South,Net Banking,2,1438.64,4.1
ORD1333,18/03/2025,Sports,North,UPI,2,1760.12,4.6
ORD1153,17/05/2025,Electronics,South,UPI,1,10729.85,3.3
ORD1396,2025-07-24,Electronics ,East,Debit Card,4,4133.63,4.6
ORD1787,08-19-2025,Home and Kitchen,,Debit Card,3,2121.59,3.5
ORD1501,2025-05-18,Beauty,East,Cash on Delivery,2,968.5,4.0
ORD2152,2025-10-28,Clothing ,North,Net Banking,5,1515.16,4.5
ORD1721,2025-07-08,electronics,West,Debit Card,4,6820.11,2.6
ORD1373,20/04/2025,Beauty,South,Debit Card,3,1143.19,3.6
ORD1590,2025-03-23,BEAUTY,West,Credit Card,3,1064.9,4.1
ORD1312,2025-06-06, Sports,South,UPI,2,1804.94,2.8
ORD1598,2025-05-09,BEAUTY,East,UPI,4,1194.07,4.4
ORD1042,2025-05-11,BEAUTY,North,Net Banking,1,817.14,5.0
ORD1645,2025-06-06,Clothing,South,Net Banking,1,1321.01,3.8
ORD1028,2025-03-07,clothing,East,Net Banking,2,1003.56,3.6
ORD1522,10-11-2025,Electronics ,North,Cash on Delivery,5,10071.07,3.3
ORD1971,2025-02-15,sports,South,Debit Card,5,829.1,5.0
ORD1762,2025-09-30,books,West,Debit Card,4,393.73,4.9
ORD2041,04-26-2025,Books ,West,Cash on Delivery,1,557.25,3.6
ORD1140,2025-04-07,Clothing,East,UPI,1,858.17,5.0
ORD2123,2025-12-14,home & kitchen,West,Net Banking,1,2091.08,3.7
ORD1704,2025-09-04,Electronics,North,UPI,3,11343.67,4.4
ORD2027,06-28-2025,Clothing ,North,Credit Card,5,1246.64,4.1
ORD1935,17/02/2025,Electronics ,South,Debit Card,1,8659.34,4.6
ORD2022,22/12/2025,Clothing ,South,Net Banking,3,1109.5,3.8
ORD1912,01/09/2025,Clothing ,West,Credit Card,3,999.85,4.3
ORD1888,06-05-2025,Electronics ,North,Cash on Delivery,97,8105.58,
ORD1136,19/01/2025,clothing,East,Net Banking,5,1163.19,4.8
ORD1955,2025-11-04,Clothing ,East,Net Banking,5,1197.41,4.4
ORD1978,09-20-2025,Sports,East,UPI,2,1775.54,5.0
ORD1782,2025-04-02,Home and Kitchen,North,Cash on Delivery,2,2229.93,5.0
ORD1445,27/06/2025,sports,North,Cash on Delivery,4,1780.9,
ORD1669,02/10/2025,home & kitchen,West,Cash on Delivery,1,,3.9
ORD1743,31/12/2025,Beauty,North,Cash on Delivery,2,814.4,4.5
ORD1272,2025-03-28,Home & Kitchen,North,Credit Card,1,3348.83,4.2
ORD2157,01/10/2025,books,East,Credit Card,3,473.14,3.1
ORD1519,06-20-2025,Beauty,South,Credit Card,2,997.93,3.3
ORD1814,07/02/2025,beauty,East,Credit Card,4,799.32,4.0
ORD1818,07/12/2025,beauty,North,Debit Card,3,1230.69,4.6
ORD1377,01/10/2025,Electronics,East,Cash on Delivery,2,13144.96,4.4
ORD1734,10-21-2025,Beauty,South,Cash on Delivery,3,631.83,
ORD1498,06-13-2025,Sports,South,Debit Card,5,1902.22,4.3
ORD1614,07-30-2025, Sports,West,Credit Card,4,2709.95,3.3
ORD2158,12-02-2025,electronics,North,UPI,3,7395.48,3.9
ORD2117,12-17-2025,Clothing ,North,Debit Card,3,1016.82,3.8
ORD2078,2025-04-09,Electronics ,North,Credit Card,2,12423.68,4.0
ORD1898,18/02/2025,Home and Kitchen,West,Credit Card,1,2887.23,3.4
ORD1676,19/04/2025,Sports,South,UPI,3,1334.65,3.4
ORD1940,11/07/2025,Home & Kitchen,West,Debit Card,2,3571.45,4.3
ORD1097,2025-06-03,electronics,North,Cash on Delivery,5,9665.41,2.8
ORD1662,12-11-2025,Clothing,North,Cash on Delivery,4,751.0,5.0
ORD1128,11-24-2025,electronics,West,UPI,4,9597.13,3.3
ORD2094,03-15-2025,Clothing,North,Credit Card,3,1238.71,3.7
ORD1622,2025-06-24,Clothing,West,Debit Card,1,620.22,5.0
ORD1544,19/07/2025,clothing,South,Cash on Delivery,4,1562.48,4.8
ORD1379,03-02-2025,Beauty,North,Debit Card,2,1176.61,2.9
ORD2020,01-04-2025,BEAUTY,East,Cash on Delivery,4,866.99,
ORD1203,11-03-2025,Electronics ,West,Credit Card,3,10640.96,4.6
ORD1343,05-31-2025,Home and Kitchen,West,Credit Card,3,2853.22,4.2
ORD2053,2025-05-13,Books,East,Net Banking,2,535.63,4.0
ORD1654,2025-02-10,clothing,West,Cash on Delivery,5,844.87,2.6
ORD2144,07-08-2025,home & kitchen,South,Debit Card,1,2460.01,3.6
ORD1518,07-28-2025,ELECTRONICS,North,Debit Card,4,8923.38,4.1
ORD1779,27/01/2025,Clothing ,North,UPI,3,1112.19,4.3
ORD1234,12-19-2025,Electronics ,West,Debit Card,3,8876.68,5.0
ORD1488,02-04-2025,Beauty,West,Cash on Delivery,5,968.28,4.1
ORD1237,2025-10-26,electronics,North,Net Banking,2,12457.42,
ORD1549,02-21-2025,Clothing,North,Net Banking,3,1301.09,2.9
ORD1400,23/12/2025,Home and Kitchen,South,Debit Card,1,3199.62,
ORD1570,12-09-2025,Clothing,East,Cash on Delivery,4,1123.45,2.8
ORD1232,03-14-2025,Books,South,Cash on Delivery,1,492.41,5.0
ORD1794,07-23-2025,Electronics ,North,UPI,3,11929.99,3.5
ORD1682,08-06-2025,clothing,South,Cash on Delivery,5,1390.41,4.2
ORD1442,26/07/2025,ELECTRONICS,East,Debit Card,3,10250.41,3.7
ORD2155,02/04/2025,Electronics ,North,Credit Card,2,7190.24,3.2
ORD1718,08-01-2025,electronics,North,Net Banking,1,8332.69,4.0
ORD1796,03-17-2025,home & kitchen,South,UPI,3,2665.82,3.9
ORD1098,09-18-2025,electronics,South,Credit Card,4,8903.42,
ORD1514,05-18-2025,Electronics,West,Debit Card,2,8296.25,3.9
ORD1034,07/10/2025, Sports,North,Debit Card,3,1420.55,3.3
ORD1511,05-23-2025,books,West,Credit Card,5,219.97,5.0
ORD1128,11-24-2025,electronics,West,UPI,4,9597.13,3.3
ORD1217,2025-08-14,Clothing,West,Net Banking,3,,
ORD1360,11/08/2025,clothing,East,Credit Card,1,1861.96,4.3
ORD1558,08-29-2025,electronics,East,Cash on Delivery,3,8822.02,5.0
ORD1499,2025-06-09, Sports,West,Debit Card,1,2139.69,3.7
ORD2198,02/09/2025,home & kitchen,East,Debit Card,5,1075.82,
ORD1225,2025-02-19,ELECTRONICS,East,Credit Card,2,5178.87,4.8
ORD1018,2025-07-19,Home and Kitchen,North,Cash on Delivery,2,2648.58,2.8
ORD1168,2025-08-02,clothing,North,Credit Card,4,1312.32,
ORD2075,06/09/2025,Beauty,North,Net Banking,5,718.99,5.0
ORD1292,2025-02-02,Electronics,North,Debit Card,1,12586.26,4.1
ORD2139,2025-02-07,Clothing ,North,Cash on Delivery,2,1337.95,4.9
ORD1917,31/08/2025,home & kitchen,South,Cash on Delivery,1,1821.73,4.6
ORD1397,23/05/2025,Books ,South,Debit Card,109,618.98,4.5
ORD2057,2025-11-17,beauty,North,Credit Card,3,666.74,4.9
ORD2081,01-26-2025,Clothing,West,Cash on Delivery,3,1182.73,3.3
ORD1540,2025-04-29,clothing,North,Net Banking,4,845.82,4.8
ORD1328,2025-10-14,Electronics ,West,Cash on Delivery,2,86933.49947126542,3.4
ORD1795,12-20-2025,electronics,North,Debit Card,3,5773.31,3.8
ORD1848,18/10/2025,sports,South,,3,1486.5,4.2
ORD1302,02/09/2025,Home and Kitchen,East,Credit Card,1,2559.65,3.2
ORD2180,23/02/2025,beauty,North,Cash on Delivery,5,1439.41,4.2
ORD1938,09-10-2025, Sports,South,UPI,5,1960.71,3.3
ORD1093,22/09/2025,sports,East,Cash on Delivery,4,1891.52,
ORD1213,21/05/2025,Clothing ,South,Debit Card,3,1655.04,4.2
ORD1770,2025-09-06,Home & Kitchen,West,UPI,5,2513.25,3.8
ORD1337,2025-04-29,Clothing ,North,Credit Card,4,1363.6,4.8
ORD1425,01-30-2025,clothing,North,Cash on Delivery,1,1264.86,4.1
ORD1803,2025-04-27,Beauty,North,Debit Card,4,812.62,3.4
ORD1212,05-19-2025,Clothing ,South,UPI,3,9948.176180823684,2.6
ORD1618,06-23-2025,Home and Kitchen,North,Cash on Delivery,5,2532.28,4.2
ORD1115,2025-11-08,Sports,East,Cash on Delivery,4,1478.76,4.7
ORD1158,14/04/2025,Books,West,Credit Card,4,431.31,3.9
ORD1399,11-28-2025,Clothing ,South,UPI,5,1671.0,3.7
ORD1112,2025-07-22,Electronics,South,Credit Card,1,9747.93,3.3
ORD1036,04-25-2025,Clothing ,South,Credit Card,3,1361.43,3.9
ORD1105,09-28-2025, Sports,East,Cash on Delivery,4,1437.03,4.6
ORD1046,23/08/2025,electronics,North,Net Banking,2,12947.98,4.3
ORD1362,21/04/2025,Electronics ,East,UPI,1,9178.08,3.9
ORD1850,2025-07-11,electronics,South,Debit Card,5,8498.67,3.7
ORD1716,01-07-2025,Electronics ,North,Net Banking,3,9344.12,3.5
ORD1756,03/12/2025, Sports,West,Debit Card,1,1522.36,
ORD1733,2025-12-17,ELECTRONICS,North,Credit Card,2,7559.74,4.4
ORD1758,08-30-2025,Electronics ,South,UPI,1,9589.26,
ORD1365,14/02/2025,Books,West,Debit Card,1,487.41,4.5
ORD2014,04-24-2025,Home & Kitchen,North,Credit Card,2,2399.15,4.1
ORD1441,07-25-2025,Clothing ,South,UPI,2,930.75,3.8
ORD2035,2025-09-18,Books ,East,,1,596.81,3.8
ORD1887,04-15-2025,books,East,Debit Card,3,680.04,3.8
ORD1565,01-24-2025,clothing,East,Credit Card,4,1429.23,4.6
ORD1351,2025-10-28,Electronics ,,Cash on Delivery,2,7944.18,3.5
ORD1490,05/12/2025,Books ,North,Cash on Delivery,3,458.84,4.6
ORD1249,2025-07-14,beauty,East,Credit Card,4,593.94,2.6
ORD1476,2025-07-16,Electronics,South,Credit Card,3,7365.68,3.6
ORD1634,26/07/2025,sports,South,UPI,4,1634.99,4.7
ORD2102,25/06/2025,Beauty,South,Debit Card,2,936.69,3.6
ORD1406,04-15-2025,home & kitchen,East,,4,23431.09240116525,3.3
ORD2141,10-31-2025,Clothing,South,Cash on Delivery,5,1735.54,3.5
ORD1164,03-18-2025,Sports,West,Cash on Delivery,4,,3.2
ORD1781,10/03/2025,Home & Kitchen,East,Debit Card,1,2848.37,
ORD1454,06-22-2025,beauty,North,Debit Card,4,1124.02,2.8
ORD2112,03-18-2025,home & kitchen,West,UPI,3,3288.46,4.9
ORD2124,04-11-2025,Sports,South,Net Banking,2,1718.45,4.2
ORD2166,2025-01-26,Home & Kitchen,South,UPI,1,2601.5,3.2
ORD1083,21/05/2025,Home & Kitchen,West,Debit Card,2,1967.79,4.5
ORD1230,01-02-2025,electronics,,Cash on Delivery,5,9249.33,4.4
ORD1295,10-19-2025,BEAUTY,South,UPI,1,1232.41,3.0
ORD1652,2025-10-27,Home and Kitchen,North,Debit Card,1,2869.44,2.9
ORD1070,12-20-2025,Clothing,West,Debit Card,1,1424.83,4.2
ORD1643,10-31-2025,Books,North,UPI,5,331.26,4.0
ORD1820,06-07-2025,Clothing ,West,Cash on Delivery,2,715.66,
ORD1610,08/05/2025,ELECTRONICS,South,Debit Card,5,11598.61,4.6
ORD1993,2025-01-27,Beauty,West,Debit Card,5,666.68,3.6
ORD1064,2025-07-18,Sports,North,UPI,3,1594.04,5.0
ORD2148,09-17-2025, Sports,East,Net Banking,5,1244.47,4.9
ORD2188,05-23-2025,home & kitchen,South,Cash on Delivery,3,3423.65,3.4
ORD1852,08-01-2025,Clothing,,Credit Card,5,412.75,3.9
ORD1969,04/11/2025,Electronics ,South,UPI,1,,
ORD2136,2025-11-24,Clothing,North,UPI,3,1052.94,4.6
ORD1127,26/03/2025,ELECTRONICS,East,UPI,2,11023.92,2.5
ORD1338,04-09-2025,BEAUTY,South,Cash on Delivery,4,879.4,5.0
ORD1001,02/07/2025,BEAUTY,West,UPI,1,708.07,4.6
ORD1980,02-20-2025,Beauty,South,UPI,3,887.41,4.4
ORD1539,06/01/2025,Electronics,North,Credit Card,4,6963.12,
ORD1601,2025-04-22,books,East,Cash on Delivery,3,366.45,4.8
ORD1308,09/02/2025,clothing,East,Cash on Delivery,5,1479.79,3.8
ORD1585,2025-03-26,beauty,North,Cash on Delivery,3,953.17,3.8
ORD1965,2025-10-28,home & kitchen,West,,4,2911.82,4.2
ORD2105,2025-10-10,beauty,East,UPI,3,1141.18,4.2
ORD1410,12-02-2025,Electronics ,North,Debit Card,1,12977.13,4.0
ORD1171,27/05/2025,Home and Kitchen,West,Debit Card,3,2462.95,3.7
ORD1417,26/05/2025,Clothing ,East,Net Banking,2,1067.85,4.5
ORD1738,24/09/2025,ELECTRONICS,East,Debit Card,1,6904.77,3.7
ORD1837,24/12/2025,beauty,South,Credit Card,3,,4.6
ORD2079,2025-10-08,electronics,South,UPI,5,,
ORD2028,05-07-2025,Home and Kitchen,North,Debit Card,1,2902.5,
ORD1603,28/03/2025,electronics,North,Cash on Delivery,4,5830.88,5.0
ORD1806,2025-07-13,Clothing,South,Net Banking,4,1351.58,
ORD1882,23/02/2025,Electronics ,East,Debit Card,5,5975.08,3.8
ORD1460,2025-10-15,Home & Kitchen,South,UPI,1,3149.61,4.1
ORD1043,2025-02-26,Clothing ,North,Net Banking,5,1330.43,3.9
ORD1637,09/12/2025,Clothing,,UPI,3,1290.91,3.9
ORD1423,2025-03-28,Books,South,UPI,4,,4.8
ORD1727,18/01/2025,Electronics,West,Debit Card,3,7561.06,3.3
ORD1967,24/02/2025,Clothing ,South,Cash on Delivery,2,1503.84,4.1
ORD1972,2025-01-29,sports,South,UPI,1,2003.51,2.6
ORD1922,2025-10-24,ELECTRONICS,North,UPI,5,9186.79,4.0
ORD1315,25/03/2025,Electronics,West,Credit Card,1,5531.46,3.1
ORD1376,08-04-2025,beauty,,,4,919.35,3.1
ORD1524,03-05-2025,Electronics ,East,Debit Card,5,7104.97,4.5
ORD1332,2025-04-14,Sports,North,Debit Card,5,1511.78,3.8
ORD1438,12-03-2025,Beauty,South,,5,1217.29,4.5
ORD2063,14/02/2025,ELECTRONICS,West,UPI,3,8239.31,4.6
ORD1150,04-25-2025,Home and Kitchen,North,Debit Card,2,2361.9,4.0
ORD1037,2025-11-03,books,North,UPI,3,469.86,4.1
ORD1556,2025-09-09,Clothing,East,Net Banking,3,1521.98,3.2
ORD1925,10/12/2025,Books,East,Credit Card,2,241.2,4.5
ORD1750,12/08/2025,Clothing ,East,Cash on Delivery,4,782.85,2.8
ORD2116,04-17-2025,books,South,Net Banking,1,377.21,4.3
ORD1981,08-23-2025,home & kitchen,North,UPI,5,3204.13,3.6
ORD1954,11/12/2025,sports,West,Net Banking,3,2103.31,
ORD1457,2025-08-03,home & kitchen,East,Cash on Delivery,5,3035.76,4.7
ORD1724,06-05-2025,Home & Kitchen,North,Net Banking,3,2746.62,4.3
ORD1821,24/01/2025,Clothing ,East,Debit Card,1,1256.24,2.8
ORD1409,16/05/2025,Clothing ,South,Net Banking,5,641.64,5.0
ORD1143,2025-07-03,Electronics ,West,Cash on Delivery,5,6599.51,5.0
ORD1717,16/11/2025,Books ,North,Cash on Delivery,5,341.89,5.0
ORD1526,2025-01-10,Books ,South,Net Banking,3,358.54,5.0
ORD1594,2025-06-21,clothing,West,Credit Card,2,1353.21,3.5
ORD1583,2025-12-07,Clothing ,East,Net Banking,3,1531.8,3.7
ORD1975,28/04/2025,BEAUTY,North,Credit Card,5,703.71,3.3
ORD1566,09/05/2025,Clothing,East,Credit Card,3,1253.28,
ORD1942,07-18-2025,Beauty,East,Credit Card,1,769.68,5.0
ORD1208,10/09/2025,Electronics,West,Net Banking,4,11242.45,4.6
ORD1856,09-16-2025,Electronics ,South,Cash on Delivery,4,8493.63,
ORD1440,2025-10-06,Books,South,UPI,3,566.81,5.0
ORD1131,2025-05-20,Clothing ,North,Net Banking,1,664.92,3.6
ORD1380,2025-08-14,clothing,South,Cash on Delivery,1,725.35,4.0
ORD1174,2025-04-13,Sports,North,Net Banking,2,1648.43,4.3
ORD1533,2025-06-20,Sports,North,Cash on Delivery,5,1390.95,3.9
ORD1703,08-09-2025,clothing,West,Debit Card,1,1636.36,3.3
ORD1270,02-19-2025,Home and Kitchen,West,UPI,4,2044.01,
ORD1407,07-22-2025,Electronics,South,Net Banking,3,3459.08,
ORD2040,07-02-2025,Home & Kitchen,,Debit Card,2,2414.7,5.0
ORD1123,07-21-2025,Home & Kitchen,South,Credit Card,2,2928.59,3.2
ORD1138,24/02/2025, Sports,East,Debit Card,4,1240.11,4.2
ORD1879,19/05/2025,books,South,Net Banking,1,475.76,4.0
ORD1732,10/05/2025,clothing,North,UPI,4,2107.13,4.1
ORD1624,08-30-2025,sports,West,Debit Card,5,1920.5,
ORD1784,17/04/2025, Sports,East,Credit Card,1,1781.14,4.7
ORD1182,06-15-2025,beauty,North,,1,658.81,
ORD1617,03-19-2025,clothing,,Credit Card,4,1005.78,2.8
ORD1690,11-19-2025,Electronics ,South,Debit Card,3,11508.82,3.3
ORD1240,16/02/2025,BEAUTY,East,Cash on Delivery,5,1183.71,3.3
ORD1458,10-25-2025,books,South,Credit Card,4,495.03,4.2
ORD1681,13/11/2025,beauty,East,Debit Card,4,981.41,2.8
ORD1465,03-15-2025, Sports,North,Net Banking,1,1724.95,3.2
ORD1145,21/05/2025,clothing,South,Debit Card,4,1455.39,4.8
ORD1206,06/12/2025,Clothing,North,UPI,2,1289.25,3.6
ORD2068,2025-05-11, Sports,South,Credit Card,3,2245.84,2.7
ORD1324,23/01/2025,Books,East,Cash on Delivery,1,121.82,1.6
ORD1657,28/12/2025,Clothing,North,Cash on Delivery,5,,5.0
ORD2126,2025-08-02,ELECTRONICS,East,Debit Card,1,8704.12,2.7
ORD1714,12/06/2025,Beauty,South,Cash on Delivery,5,911.48,5.0
ORD2137,02-04-2025,Electronics ,North,Net Banking,4,8891.54,3.2
ORD1079,2025-12-02,Clothing ,North,Net Banking,3,864.78,3.8
ORD2122,30/08/2025,beauty,South,Cash on Delivery,2,988.31,3.9
ORD1687,01/05/2025,Clothing,South,Net Banking,2,1083.79,4.6
ORD1166,02-25-2025,electronics,North,Cash on Delivery,4,8974.13,3.2
ORD1229,2025-07-18,books,West,Cash on Delivery,1,367.62,3.9
ORD2184,07/03/2025,sports,North,UPI,3,1675.19,4.6
ORD2091,2025-02-10,Electronics ,,Credit Card,1,10165.16,4.5
ORD1740,07/01/2025,Books ,North,Credit Card,5,429.84,4.6
ORD1100,26/08/2025,Beauty,North,UPI,4,635.26,4.2
ORD1290,21/12/2025,Electronics,West,Net Banking,5,3664.06,3.9
ORD1444,01/02/2025,clothing,West,UPI,5,1263.44,3.9
ORD1878,2025-03-01,Home & Kitchen,East,Cash on Delivery,4,2081.85,4.0
ORD1739,2025-08-05,Clothing,West,Cash on Delivery,1,1301.7,3.5
ORD1391,02-05-2025,ELECTRONICS,West,Net Banking,1,11408.67,4.4
ORD1086,07-03-2025,Electronics,East,Cash on Delivery,1,2200.38,
ORD2163,02-06-2025,Books,,Credit Card,1,466.52,4.9
ORD1666,08/06/2025,clothing,West,Cash on Delivery,4,1529.76,4.2
ORD2108,2025-06-06,home & kitchen,North,UPI,3,1525.99,4.5
ORD1475,2025-01-07,Books,North,Cash on Delivery,4,234.5,2.9
ORD1044,2025-10-31,ELECTRONICS,North,Cash on Delivery,1,8993.36,4.4
ORD1788,30/10/2025,Books,East,Net Banking,3,356.02,3.4
ORD2002,03-28-2025,electronics,North,Net Banking,1,,4.0
ORD1024,05-13-2025,clothing,,Net Banking,3,1157.76,
ORD1832,24/09/2025,Sports,East,Cash on Delivery,3,2153.28,3.6
ORD1591,07/08/2025,Electronics,South,Net Banking,3,,5.0
ORD2011,03-15-2025,home & kitchen,North,UPI,2,2575.65,4.4
ORD1973,2025-03-16,home & kitchen,North,Credit Card,4,2864.7,4.4
ORD2056,18/05/2025,ELECTRONICS,East,Net Banking,2,8287.83,3.9
ORD1109,04/09/2025,clothing,West,Net Banking,1,1373.87,2.8
ORD1222,24/09/2025,beauty,South,Debit Card,3,341.84,5.0
ORD2052,21/05/2025,BEAUTY,South,Cash on Delivery,3,1130.87,
ORD1722,11-22-2025, Sports,North,Cash on Delivery,3,1931.32,3.6
ORD1055,07-10-2025,home & kitchen,North,Cash on Delivery,4,2956.73,3.9
ORD1830,09/11/2025,Electronics ,East,Cash on Delivery,1,6683.48,4.5
ORD1253,16/09/2025,electronics,South,Debit Card,2,112709.7908382978,3.1
ORD2072,2025-05-13,Clothing,East,UPI,94,1969.35,
ORD1642,06-20-2025,Electronics ,South,Debit Card,4,7703.57,2.8
ORD1545,2025-02-18,books,West,Net Banking,3,242.54,3.5
ORD1477,2025-05-01,electronics,East,Debit Card,2,10291.75,4.2
ORD1949,28/11/2025, Sports,West,Cash on Delivery,1,2560.42,4.5
ORD1843,02-12-2025,Clothing,West,,2,1496.72,
ORD1063,2025-06-04,clothing,West,Credit Card,4,1452.55,5.0
ORD1413,2025-08-23,Books ,West,Cash on Delivery,3,340.69,4.7
ORD1384,2025-12-14,BEAUTY,South,Cash on Delivery,5,993.68,4.5
ORD1974,2025-05-22,BEAUTY,West,Debit Card,3,734.4,4.3
ORD1884,2025-09-12,Sports,West,Debit Card,2,1478.7,5.0
ORD1451,2025-04-23,clothing,North,Debit Card,4,1073.23,3.7
ORD1656,04/06/2025, Sports,South,Net Banking,2,1224.58,3.7
ORD1369,03/08/2025,ELECTRONICS,North,Credit Card,4,13007.43,2.5
ORD1689,01/03/2025,home & kitchen,South,UPI,5,2453.27,2.2
ORD1219,27/12/2025,ELECTRONICS,West,Net Banking,2,8450.63,4.7
ORD2153,01-16-2025,Electronics ,West,Credit Card,4,6887.16,
ORD1021,28/12/2025,Electronics,East,Cash on Delivery,1,6531.03,2.9
ORD1760,2025-01-13,BEAUTY,North,Net Banking,3,663.66,3.7
ORD1869,03/02/2025,home & kitchen,North,UPI,1,2799.9,4.2
ORD1420,22/10/2025,Home & Kitchen,West,Credit Card,2,2437.31,4.1
ORD1199,2025-06-19,Home and Kitchen,East,Debit Card,5,3626.09,3.7
ORD1450,12-03-2025,books,North,UPI,3,429.76,3.2
ORD2019,03/12/2025,electronics,West,Credit Card,4,10680.11,4.9
ORD1911,20/06/2025,Clothing ,North,Cash on Delivery,3,1469.21,3.7
ORD1696,2025-03-26,Electronics,East,Credit Card,4,8563.4,
ORD1811,2025-08-19,home & kitchen,West,Cash on Delivery,4,49005.374470280825,4.3
ORD1459,08/08/2025,Beauty,West,Credit Card,1,883.18,3.9
ORD1910,2025-04-24,clothing,West,Debit Card,2,1734.57,4.2
ORD2049,03/07/2025,Clothing ,East,Net Banking,5,802.1,4.4
ORD1505,2025-03-14,beauty,East,Net Banking,117,1220.02,5.0
ORD1405,25/06/2025,home & kitchen,South,Net Banking,3,2223.81,
ORD1317,02-21-2025,Home and Kitchen,North,Net Banking,2,2148.87,3.0
ORD1183,06-14-2025,ELECTRONICS,West,Cash on Delivery,1,8012.75,3.3
ORD2142,06-03-2025,clothing,East,Debit Card,4,966.55,4.4
ORD1609,23/09/2025,Electronics,East,Credit Card,1,7286.34,5.0
ORD1626,09-09-2025,Beauty,West,UPI,2,862.73,3.0
ORD1485,09-20-2025,sports,East,UPI,2,2488.19,4.5
ORD1278,02-28-2025,Beauty,East,Net Banking,4,1013.19,3.6
ORD1630,04-04-2025,electronics,East,Cash on Delivery,4,9979.88,4.7
ORD1020,2025-03-10,Electronics ,South,Cash on Delivery,1,11388.27,4.3
ORD1170,23/11/2025,Books ,South,Cash on Delivery,4,437.65,
ORD1901,01-01-2025,Electronics,North,Debit Card,5,10112.95,2.5
ORD2039,12-30-2025,BEAUTY,South,Cash on Delivery,2,1100.68,4.6
ORD1176,09/07/2025,Clothing,East,Credit Card,2,1556.29,3.6
ORD1327,08-05-2025,Clothing ,North,Debit Card,2,1078.92,5.0
ORD1706,07-01-2025,BEAUTY,East,Cash on Delivery,3,1013.32,4.5
ORD1470,19/05/2025,clothing,South,Cash on Delivery,1,1060.86,
ORD2135,19/05/2025,electronics,East,Cash on Delivery,3,6831.22,2.9
ORD1266,2025-09-13,books,South,Credit Card,3,271.45,3.8
ORD1615,03/08/2025,beauty,East,UPI,5,1167.89,3.9
ORD1130,2025-04-19,Beauty,South,UPI,4,999.57,4.5
ORD1865,2025-12-08,electronics,,UPI,75,10715.01,4.0
ORD2179,08/08/2025,electronics,North,Debit Card,4,8031.49,5.0
ORD2138,10/06/2025,Books ,South,Cash on Delivery,2,234.92,5.0
ORD1489,2025-07-11,Books ,East,Credit Card,2,497.43,3.5
ORD1606,02/04/2025,books,West,Debit Card,4,299.53,5.0
ORD1416,04-26-2025,Clothing ,,Debit Card,1,822.18,3.9
ORD1152,29/09/2025,Clothing,East,UPI,1,688.8,
ORD1889,06-28-2025,Beauty,West,Credit Card,2,931.62,3.8
ORD1849,2025-03-07,Clothing,North,Cash on Delivery,5,955.41,4.6
ORD1279,04/07/2025,Electronics ,North,Debit Card,3,8246.77,3.9
ORD2034,25/04/2025,Clothing,West,Credit Card,2,1032.02,4.2
ORD1269,2025-03-05,clothing,East,Credit Card,2,1482.83,3.6
ORD1096,2025-05-23,Electronics,South,Net Banking,5,8608.68,4.7
ORD1210,21/10/2025,Electronics ,West,Debit Card,3,8683.82,3.4
ORD1569,18/11/2025,Home & Kitchen,South,Cash on Delivery,1,2803.56,4.0
ORD2185,2025-05-12,Sports,East,Net Banking,2,1834.24,2.8
ORD1871,2025-05-27,clothing,North,Net Banking,4,1025.6,3.9
ORD1532,07-16-2025,Electronics ,South,Credit Card,2,9291.19,3.9
ORD2182,2025-06-14,Beauty,East,Debit Card,5,1262.17,3.6
ORD2099,02/12/2025,books,East,UPI,3,442.31,3.4
ORD1712,27/04/2025, Sports,South,Debit Card,4,2754.04,3.8
ORD1077,2025-02-17,electronics,East,Cash on Delivery,3,12645.9,4.1
ORD1263,08-18-2025,Clothing,North,Debit Card,1,982.7,3.7
ORD1669,02/10/2025,home & kitchen,West,Cash on Delivery,1,,3.9
ORD1149,02-02-2025,home & kitchen,South,Credit Card,1,1870.07,4.1
ORD1469,09/05/2025,home & kitchen,South,Debit Card,5,2860.44,3.9
ORD1564,2025-07-16,Electronics ,East,Net Banking,1,7902.09,4.4
ORD1461,18/09/2025,Clothing,North,Cash on Delivery,4,1024.39,3.3
ORD1896,2025-08-05,BEAUTY,South,Credit Card,4,687.4,4.7
ORD1695,2025-09-07,Electronics,West,Cash on Delivery,1,12432.13,4.6
ORD1928,23/06/2025,books,East,UPI,3,,3.3
ORD1586,27/08/2025,home & kitchen,West,UPI,2,1678.11,4.4
ORD1243,2025-10-28, Sports,North,Cash on Delivery,5,1381.95,2.7
ORD2111,2025-04-02,electronics,South,Credit Card,2,7536.96,4.0
ORD1751,06/02/2025,Home & Kitchen,North,Credit Card,4,2736.23,4.7
ORD1648,22/05/2025,Clothing,South,UPI,3,1456.27,4.2
ORD1595,29/03/2025,books,West,Cash on Delivery,5,490.14,4.4
ORD1313,2025-03-06,Home & Kitchen,North,Credit Card,4,1801.06,4.5
ORD1933,02-09-2025,Electronics ,North,UPI,4,126655.82669907463,3.6
ORD1155,2025-05-21,books,North,Debit Card,5,306.34,3.1
ORD2150,09/06/2025,Books,South,Debit Card,1,533.75,4.3
ORD1999,2025-09-28,books,West,UPI,5,514.81,4.3
ORD2046,06/04/2025,home & kitchen,North,Net Banking,5,3569.44,3.4
ORD1025,2025-02-13,electronics,East,Debit Card,1,7466.6,4.2
ORD1196,23/01/2025,electronics,,Credit Card,1,10689.17,4.8
ORD2088,01-12-2025,electronics,South,Cash on Delivery,2,8423.55,1.9
ORD1015,10/08/2025,Home & Kitchen,South,Debit Card,2,2450.18,2.8
ORD1883,04-13-2025,Sports,,UPI,1,1198.84,
ORD1621,17/05/2025,Home and Kitchen,South,Credit Card,4,1812.15,4.1
ORD2050,2025-10-13,beauty,West,Credit Card,4,1090.89,3.4
ORD2067,2025-12-03,Home & Kitchen,East,Net Banking,3,3112.65,5.0
ORD1497,2025-07-14,Sports,North,Debit Card,4,1462.17,5.0
ORD1792,09-17-2025,home & kitchen,West,Net Banking,5,2008.12,3.9
ORD1964,06-22-2025,Sports,North,UPI,2,2070.34,
ORD1515,2025-10-24,home & kitchen,East,Credit Card,1,2192.35,3.7
ORD2095,2025-08-11,home & kitchen,North,Debit Card,4,2327.34,4.1
ORD1542,2025-06-23,Home & Kitchen,South,Net Banking,1,2285.72,
ORD1456,07-05-2025,ELECTRONICS,West,UPI,4,11473.16,4.4
ORD1633,2025-02-17,ELECTRONICS,East,Debit Card,3,7492.58,3.4
ORD1431,2025-02-07,sports,South,Cash on Delivery,4,1580.8,5.0
ORD1627,2025-09-08,Electronics ,,Cash on Delivery,4,6839.97,
ORD1728,09-06-2025,electronics,West,Debit Card,1,7944.48,
ORD1209,01/02/2025,Electronics,South,Credit Card,2,7274.62,4.5
ORD1316,2025-07-20,electronics,West,Cash on Delivery,5,8834.12,4.5
ORD1513,2025-07-31,Books ,West,Debit Card,4,514.33,4.3
ORD1829,2025-03-16,BEAUTY,East,Net Banking,4,861.33,4.4
ORD1319,29/04/2025,Electronics,South,UPI,4,8715.58,4.2
ORD2031,2025-02-05,Home and Kitchen,West,Net Banking,2,1829.37,4.6
ORD1141,11-18-2025,BEAUTY,West,Debit Card,2,423.75,4.0
ORD2110,08/01/2025,beauty,East,Debit Card,3,841.88,3.5
ORD1753,06-23-2025,Clothing,,UPI,2,876.68,4.0
ORD2001,01-20-2025,clothing,,Cash on Delivery,3,1414.99,5.0
ORD1580,2025-06-19,Home and Kitchen,South,UPI,5,2738.02,5.0
ORD1562,07-12-2025,Electronics,East,UPI,4,10155.01,4.2
ORD1398,2025-03-16,BEAUTY,West,UPI,5,633.33,4.1
ORD1668,14/07/2025,Electronics,South,Cash on Delivery,2,11128.73,5.0
ORD1252,02/10/2025,BEAUTY,West,Credit Card,4,717.87,2.9
ORD1907,08-29-2025,Electronics ,North,Credit Card,3,10606.8,3.8
ORD1468,07-10-2025,Sports,South,Debit Card,2,1487.68,5.0
ORD1914,06-14-2025,home & kitchen,South,Debit Card,2,2100.54,4.2
ORD1357,2025-10-02,BEAUTY,East,UPI,5,,4.3
ORD2022,22/12/2025,Clothing ,South,Net Banking,3,1109.5,3.8
ORD1508,01-05-2025,Books,West,UPI,4,275.87,3.6
ORD1749,01-18-2025,BEAUTY,West,UPI,4,1072.2,3.4
ORD1129,11-28-2025,Clothing,West,UPI,3,1814.63,4.9
ORD1144,10-21-2025,sports,North,Debit Card,5,1816.01,3.9
ORD1960,09-08-2025,sports,South,Net Banking,3,2250.91,4.3
ORD1847,2025-12-13,Electronics,West,Credit Card,4,,4.0
ORD1715,27/11/2025,Beauty,West,Cash on Delivery,2,10294.498263364781,5.0
ORD1905,2025-06-19,Sports,North,Debit Card,5,1884.63,4.1
ORD2096,12-05-2025,Home & Kitchen,West,UPI,2,4120.97,4.6
ORD1235,13/04/2025, Sports,South,UPI,3,1725.91,4.1
ORD2061,2025-04-05,clothing,East,Cash on Delivery,4,1103.39,4.0
